Latitude,Longitude,Date,Time_UTC,Depth,Depth Type,Magnitude Type,Magnitude,Region Name,Last Update,Eqid,unknown field
13.81,121.1,2020-04-22,03:19:57,10,f,mb,4.5,MINDORO, PHILIPPINES,2020-04-28 23:17,850323
13.76,120.92,2020-04-22,02:36:19,10, , M,4.2,MINDORO, PHILIPPINES,2020-04-22 03:50,850325
10.45,125.2,2020-04-21,21:43:05,10,f,mb,4.7,LEYTE, PHILIPPINES,2020-04-21 22:55,850252
6.69,125.23,2020-04-18,15:22:16,32, , M,3.6,MINDANAO, PHILIPPINES,2020-04-18 15:35,849329
5.65,126.54,2020-04-10,18:45:49,80, ,Mw,5.2,MINDANAO, PHILIPPINES,2020-04-11 06:41,846838
20.45,122.12,2020-04-10,16:44:56,166, ,Mw,5.9,BATAN ISL REGION, PHILIPPINES,2020-04-11 06:38,846810
9.22,124.01,2020-04-07,12:30:36,18, , M,4.4,BOHOL, PHILIPPINES,2020-04-07 12:45,845855
5.76,125.14,2020-03-26,15:38:02,50,f,Mw,6.1,MINDANAO, PHILIPPINES,2020-03-26 16:34,842102
6.7,125.18,2020-03-22,16:34:50,12, , M,4,MINDANAO, PHILIPPINES,2020-03-22 16:51,840861
14.94,120.17,2020-03-19,06:49:48,65, ,mb,4.6,LUZON, PHILIPPINES,2020-03-19 07:55,839763
15,119.79,2020-03-19,06:33:00,25, , M,4.6,LUZON, PHILIPPINES,2020-03-19 07:01,839767
15.94,120.15,2020-03-18,13:20:13,8, , M,3.9,LUZON, PHILIPPINES,2020-03-19 12:21,839487
16.17,120.08,2020-03-14,00:13:50,80, ,mb,4.4,LUZON, PHILIPPINES,2020-03-20 07:52,838239
6.73,125.01,2020-03-13,18:37:34,15, , M,3.9,MINDANAO, PHILIPPINES,2020-03-13 18:52,838178
7.72,121.98,2020-03-03,14:55:38,40, ,Mw,5,MINDANAO, PHILIPPINES,2020-03-03 15:51,835282
11.49,124.42,2020-03-03,06:51:14,100, ,mb,4.2,LEYTE, PHILIPPINES,2020-03-03 07:51,835160
11.33,124.64,2020-03-01,21:19:24,40, ,mb,5.2,LEYTE, PHILIPPINES,2020-03-01 22:04,834779
6.85,124.99,2020-02-27,01:03:20,10,f,mb,4.6,MINDANAO, PHILIPPINES,2020-02-27 07:50,833622
6.05,124.03,2020-02-25,13:13:09,541, ,mb,4.4,MINDANAO, PHILIPPINES,2020-02-25 15:47,833199
6.96,126.15,2020-02-20,23:59:15,39, ,mb,4.3,MINDANAO, PHILIPPINES,2020-02-28 03:26,831832
5.65,125.61,2020-02-20,09:54:06,200, ,Mw,5.4,MINDANAO, PHILIPPINES,2020-02-20 14:19,831699
14.33,121.38,2020-02-14,12:28:48,7, , M,3.7,LUZON, PHILIPPINES,2020-02-14 13:21,829892
5.49,126.57,2020-02-06,13:40:05,10,f,Mw,6,MINDANAO, PHILIPPINES,2020-02-06 13:53,827418
6.61,125.26,2020-02-05,18:23:52,17, , M,3.7,MINDANAO, PHILIPPINES,2020-02-05 18:35,827175
6.32,125.37,2020-02-03,17:51:55,4, , M,4,MINDANAO, PHILIPPINES,2020-02-03 18:05,826479
6.65,125.42,2020-01-31,11:18:49,40, ,mb,5.2,MINDANAO, PHILIPPINES,2020-01-31 13:03,825307
5.79,125.3,2020-01-23,00:54:37,11, , M,3.6,MINDANAO, PHILIPPINES,2020-01-23 01:05,821966
13.74,120.9,2020-01-19,12:59:03,12, , M,4.2,MINDORO, PHILIPPINES,2020-01-19 13:10,820873
5.73,126.16,2020-01-17,11:03:23,111, ,mb,4.8,MINDANAO, PHILIPPINES,2020-01-17 15:37,820199
5.99,126,2020-01-17,04:28:05,164, ,mb,4.7,MINDANAO, PHILIPPINES,2020-01-17 08:04,820121
6.42,123.97,2020-01-15,11:12:22,27, , M,3.5,MORO GULF  MINDANAO , PHILIPPINES,2020-01-15 11:25,819532
14.01,120.91,2020-01-15,04:19:27,10, , M,3.6,LUZON, PHILIPPINES,2020-01-15 04:45,819452
14.12,121.09,2020-01-13,18:05:52,6, , M,3.9,LUZON, PHILIPPINES,2020-01-13 18:20,819107
13.93,121.26,2020-01-13,15:39:33,10,f,Mw,4.4,MINDORO, PHILIPPINES,2020-01-14 11:44,819082
14,120.88,2020-01-13,11:48:54,5, , M,3.7,LUZON, PHILIPPINES,2020-01-13 12:00,819029
13.97,120.92,2020-01-13,07:41:41,5, , M,3.6,MINDORO, PHILIPPINES,2020-01-13 07:50,818981
13.95,120.84,2020-01-13,04:07:35,6, , M,4.1,MINDORO, PHILIPPINES,2020-01-13 04:26,818953
13.96,120.89,2020-01-13,03:37:49,7, , M,3.7,MINDORO, PHILIPPINES,2020-01-13 03:50,818950
14.03,120.92,2020-01-13,01:07:42,7, , M,4,LUZON, PHILIPPINES,2020-01-13 01:40,818920
14.03,120.87,2020-01-12,22:13:34,12, , M,3.5,LUZON, PHILIPPINES,2020-01-12 22:30,818887
14.09,121.36,2020-01-12,20:55:46,32, ,mb,4.6,LUZON, PHILIPPINES,2020-01-13 07:53,818868
13.99,120.89,2020-01-12,20:08:39,6, , M,4.1,MINDORO, PHILIPPINES,2020-01-12 21:03,818867
13.98,120.88,2020-01-12,19:11:48,10, , M,4.1,MINDORO, PHILIPPINES,2020-01-12 19:30,818857
14.01,121.01,2020-01-12,16:15:29,21, , M,3.6,LUZON, PHILIPPINES,2020-01-12 16:30,818834
13.96,120.95,2020-01-12,15:51:43,7, , M,3.8,MINDORO, PHILIPPINES,2020-01-12 16:05,818829
14.07,120.88,2020-01-12,15:24:52,1, , M,3.6,LUZON, PHILIPPINES,2020-01-12 15:35,818825
13.98,120.93,2020-01-12,14:43:44,4, , M,3.9,MINDORO, PHILIPPINES,2020-01-12 14:55,818821
14.16,120.97,2020-01-12,11:03:48,7, , M,3.9,LUZON, PHILIPPINES,2020-01-12 11:25,818781
9.51,126.18,2020-01-12,10:53:45,38, ,mb,5.1,MINDANAO, PHILIPPINES,2020-01-12 18:53,818780
13.96,120.91,2020-01-12,10:22:37,2, , M,3.9,MINDORO, PHILIPPINES,2020-01-12 10:50,818776
15.04,119.83,2020-01-09,14:16:41,25, , M,4,LUZON, PHILIPPINES,2020-01-10 04:00,818245
15.4,120.66,2020-01-07,18:55:11,26, , M,3.8,LUZON, PHILIPPINES,2020-01-07 19:17,817566
15.76,119.09,2020-01-06,20:46:23,4, , M,3.5,LUZON, PHILIPPINES,2020-01-06 21:00,817321
5.19,125.47,2020-01-06,07:25:36,60, ,mb,5.2,MINDANAO, PHILIPPINES,2020-01-06 07:52,817221
6.14,126.2,2020-01-06,02:58:29,87, ,mb,4.6,MINDANAO, PHILIPPINES,2020-01-06 07:51,817187
6.14,126.2,2020-01-05,18:58:52,80, ,Mw,5.1,MINDANAO, PHILIPPINES,2020-01-06 07:39,817105
12.29,124.44,2020-01-05,11:03:57,23, , M,4.3,SAMAR, PHILIPPINES,2020-01-05 11:21,817047
6.39,125.27,2020-01-04,12:40:06,27, , M,3.5,MINDANAO, PHILIPPINES,2020-01-04 12:56,816865
6.53,125.27,2020-01-01,08:03:34,2, , M,3.6,MINDANAO, PHILIPPINES,2020-01-02 07:00,816317
6.7,125.17,2019-12-30,11:22:28,15, , M,3.8,MINDANAO, PHILIPPINES,2019-12-30 11:40,815626
11.2,122.71,2019-12-26,12:19:51,40, ,mb,5,PANAY, PHILIPPINES,2019-12-26 23:30,814821
7.65,124.73,2019-12-26,08:08:28,15, , M,4.4,MINDANAO, PHILIPPINES,2019-12-26 18:59,814784
6.63,125.15,2019-12-22,07:39:37,10, ,mb,4.9,MINDANAO, PHILIPPINES,2019-12-22 12:42,813909
6.78,125.29,2019-12-22,03:23:15,30, ,mb,4.8,MINDANAO, PHILIPPINES,2019-12-22 12:45,813874
6.62,125.36,2019-12-21,21:26:53,30, ,mb,5,MINDANAO, PHILIPPINES,2019-12-22 12:59,813815
6.63,125.24,2019-12-21,10:44:00,1, , M,4.4,MINDANAO, PHILIPPINES,2019-12-21 11:02,813715
6.54,124.97,2019-12-20,16:59:57,44, , M,3.6,MINDANAO, PHILIPPINES,2019-12-20 17:10,813574
6.67,125.25,2019-12-20,16:55:48,15, ,mb,4.8,MINDANAO, PHILIPPINES,2019-12-21 10:03,813571
6.72,125.09,2019-12-19,15:04:04,10, , M,3.5,MINDANAO, PHILIPPINES,2019-12-19 15:25,813346
6.69,125.27,2019-12-19,10:11:51,10,f,mb,4.7,MINDANAO, PHILIPPINES,2019-12-19 11:09,813282
6.62,125.21,2019-12-18,14:18:29,7, , M,3.8,MINDANAO, PHILIPPINES,2019-12-18 14:35,813090
6.65,125.21,2019-12-18,00:45:07,5, , M,3.5,MINDANAO, PHILIPPINES,2019-12-18 18:51,813137
6.67,125.27,2019-12-18,00:22:32,10,f,mb,5,MINDANAO, PHILIPPINES,2019-12-19 15:23,812936
6.53,125.48,2019-12-17,20:18:05,10,f,Mw,5.4,MINDANAO, PHILIPPINES,2019-12-18 07:56,812884
6.64,125.19,2019-12-17,19:16:14,24, , M,3.6,MINDANAO, PHILIPPINES,2019-12-17 19:35,812874
6.6,125.19,2019-12-17,06:07:17,10,f,mb,4.9,MINDANAO, PHILIPPINES,2019-12-17 07:55,812701
6.55,125.28,2019-12-17,06:00:54,22, , M,3.6,MINDANAO, PHILIPPINES,2019-12-17 06:25,812704
5.23,126.65,2019-12-16,22:47:50,97, , M,4.4,MINDANAO, PHILIPPINES,2019-12-16 23:00,812634
6.55,125.32,2019-12-16,16:21:53,10, ,Mw,4.9,MINDANAO, PHILIPPINES,2019-12-17 07:47,812577
6.71,125.14,2019-12-16,12:34:02,10,f,mb,4.6,MINDANAO, PHILIPPINES,2019-12-16 13:01,812531
6.65,125.2,2019-12-16,10:37:13,6, , M,4.4,MINDANAO, PHILIPPINES,2019-12-16 10:55,812508
6.64,125.45,2019-12-16,08:53:31,30, ,Mw,5,MINDANAO, PHILIPPINES,2019-12-16 09:22,812482
6.61,125.35,2019-12-16,06:45:55,13, , M,3.8,MINDANAO, PHILIPPINES,2019-12-16 07:07,812455
6.69,125.35,2019-12-15,19:02:03,10,f,mb,4.8,MINDANAO, PHILIPPINES,2019-12-16 08:14,812338
6.61,125.35,2019-12-15,12:38:53,10,f,mb,5.3,MINDANAO, PHILIPPINES,2019-12-16 08:10,812256
6.62,125.16,2019-12-15,11:15:35,10,f,mb,4.7,MINDANAO, PHILIPPINES,2019-12-16 08:02,812245
6.63,125.33,2019-12-15,07:53:45,30, ,mb,5.1,MINDANAO, PHILIPPINES,2019-12-15 09:56,812212
6.74,125.19,2019-12-15,07:49:54,15, ,mb,4.9,MINDANAO, PHILIPPINES,2019-12-15 09:52,812210
6.62,125.32,2019-12-15,07:33:54,10,f,mb,4.7,MINDANAO, PHILIPPINES,2019-12-16 07:58,812208
6.55,125.4,2019-12-15,07:09:21,10, ,mb,5.7,MINDANAO, PHILIPPINES,2019-12-15 09:32,812204
6.77,125.27,2019-12-15,06:34:57,17, ,mb,4.9,MINDANAO, PHILIPPINES,2019-12-15 07:43,812207
6.65,125.26,2019-12-15,06:32:24,8, ,mb,5,MINDANAO, PHILIPPINES,2019-12-15 09:55,812198
6.73,125.15,2019-12-15,06:11:52,20,f,Mw,6.8,MINDANAO, PHILIPPINES,2019-12-16 16:05,812196
6.45,126.28,2019-12-14,06:39:45,89, ,mb,4.8,MINDANAO, PHILIPPINES,2019-12-14 09:29,812026
5.35,126.78,2019-12-05,12:24:46,73, ,Mw,5.5,MINDANAO, PHILIPPINES,2019-12-05 12:49,810073
6.82,125.24,2019-11-25,12:43:34,11, , M,3.5,MINDANAO, PHILIPPINES,2019-11-25 12:57,807632
6.75,125,2019-11-20,22:31:35,10,f,mb,4.6,MINDANAO, PHILIPPINES,2019-11-20 22:55,806670
6.97,125.97,2019-11-19,07:00:58,32, , M,4.2,MINDANAO, PHILIPPINES,2019-11-19 07:20,806317
7.65,125.04,2019-11-18,13:22:11,20, ,Mw,5.9,MINDANAO, PHILIPPINES,2019-11-18 13:39,806189
9.31,123.19,2019-11-17,17:21:17,4, , M,3.8,NEGROS- CEBU REG, PHILIPPINES,2019-11-17 17:35,806040
6.45,124.69,2019-11-17,02:30:50,11, , M,3.5,MINDANAO, PHILIPPINES,2019-11-17 02:45,805896
6.92,125.02,2019-11-16,22:15:56,14, , M,3.8,MINDANAO, PHILIPPINES,2019-11-16 22:40,805853
7.64,124.9,2019-11-16,05:43:16,3, , M,3.8,MINDANAO, PHILIPPINES,2019-11-16 05:55,805705
7.39,124.84,2019-11-16,01:36:36,10, ,mb,4.6,MINDANAO, PHILIPPINES,2019-11-16 16:45,805648
16.31,121.78,2019-11-13,14:28:05,85, ,mb,4.9,LUZON, PHILIPPINES,2019-11-13 15:54,805069
14.94,122.55,2019-11-12,10:28:56,1, , M,3.5,LUZON, PHILIPPINES,2019-11-12 10:40,804817
7.09,125.27,2019-11-10,01:02:26,24, , M,3.5,MINDANAO, PHILIPPINES,2019-11-10 01:10,804364
7.01,125.37,2019-11-10,00:31:35,1, , M,3.5,MINDANAO, PHILIPPINES,2019-11-10 00:52,804363
5.54,126.68,2019-11-09,17:21:14,9, , M,3.7,MINDANAO, PHILIPPINES,2019-11-09 17:35,804310
6.7,125.05,2019-11-08,05:38:32,15, , M,4.1,MINDANAO, PHILIPPINES,2019-11-08 06:00,803948
10.81,125.8,2019-11-08,05:31:42,33, ,Mw,5.2,LEYTE, PHILIPPINES,2019-11-08 07:56,803944
5.64,126.29,2019-11-07,22:41:28,106, ,Mw,5,MINDANAO, PHILIPPINES,2019-11-08 07:48,803861
14.89,122.72,2019-11-06,20:52:55,10,f,Mw,5.6,LUZON, PHILIPPINES,2019-11-07 07:47,803622
7.02,125.22,2019-11-06,17:00:10,22, , M,3.8,MINDANAO, PHILIPPINES,2019-11-07 08:37,803717
7.01,125.33,2019-11-06,15:30:51,4, , M,3.4,MINDANAO, PHILIPPINES,2019-11-07 08:37,803719
6.68,125.1,2019-11-05,09:18:56,23, , M,3.6,MINDANAO, PHILIPPINES,2019-11-07 08:37,803263
14.56,119.94,2019-11-04,14:50:05,30, ,mb,4.9,LUZON, PHILIPPINES,2019-11-04 15:21,803070
6.87,125.08,2019-11-03,11:35:18,3, , M,4,MINDANAO, PHILIPPINES,2019-11-03 11:45,802829
6.88,125.07,2019-11-01,18:38:36,10,f,mb,4.9,MINDANAO, PHILIPPINES,2019-11-02 23:41,802519
7.17,125.4,2019-11-01,08:18:44,15, , M,4,MINDANAO, PHILIPPINES,2019-11-01 08:35,802431
6.78,125.1,2019-11-01,06:07:56,10, ,mb,4.9,MINDANAO, PHILIPPINES,2019-11-01 07:51,802408
6.75,125.14,2019-10-31,23:18:20,10, ,mb,4.7,MINDANAO, PHILIPPINES,2019-11-01 07:40,802354
6.79,125.1,2019-10-31,17:35:29,10,f,mb,4.9,MINDANAO, PHILIPPINES,2019-11-01 07:34,802307
6.71,125.37,2019-10-31,16:59:32,10, , M,4.4,MINDANAO, PHILIPPINES,2019-10-31 17:06,802301
6.86,124.8,2019-10-31,12:42:17,66, , M,4.4,MINDANAO, PHILIPPINES,2019-10-31 13:25,802249
5.82,126.25,2019-10-31,11:56:02,145, , M,4,MINDANAO, PHILIPPINES,2019-10-31 12:15,802245
7.06,125.43,2019-10-31,10:41:18,10,f,mb,4.5,MINDANAO, PHILIPPINES,2019-10-31 12:15,802232
6.73,125.19,2019-10-31,08:56:40,10,f,mb,4.8,MINDANAO, PHILIPPINES,2019-10-31 10:49,802215
6.9,125.03,2019-10-31,05:59:05,25, , M,4.2,MINDANAO, PHILIPPINES,2019-10-31 06:13,802190
6.81,125.17,2019-10-31,05:34:22,10,f,mb,4.6,MINDANAO, PHILIPPINES,2019-10-31 07:42,802187
6.78,125.43,2019-10-31,05:12:56,10, , M,4.4,MINDANAO, PHILIPPINES,2019-10-31 05:25,802184
6.96,125.22,2019-10-31,01:11:18,10,f,Mw,6.5,MINDANAO, PHILIPPINES,2019-10-31 01:35,802155
6.96,125.05,2019-10-30,20:35:49,1, , M,4.4,MINDANAO, PHILIPPINES,2019-10-30 20:50,802124
6.82,125.13,2019-10-30,18:23:46,10,f,mb,4.7,MINDANAO, PHILIPPINES,2019-10-31 07:37,802102
6.71,124.96,2019-10-30,16:35:24,10,f,mb,4.4,MINDANAO, PHILIPPINES,2019-11-08 05:42,802088
7,125.01,2019-10-30,11:52:11,3, , M,4.1,MINDANAO, PHILIPPINES,2019-10-30 12:05,802024
6.72,125.09,2019-10-30,08:00:14,10,f,mb,4.8,MINDANAO, PHILIPPINES,2019-10-30 09:00,802005
6.86,125.14,2019-10-30,01:38:00,10,f,mb,4.9,MINDANAO, PHILIPPINES,2019-10-30 07:41,801945
6.87,125.17,2019-10-30,00:37:01,10,f,mb,4.8,MINDANAO, PHILIPPINES,2019-10-30 07:40,801940
6.74,125.04,2019-10-29,22:21:33,16, ,mb,4.6,MINDANAO, PHILIPPINES,2019-11-08 04:58,801927
6.83,125.14,2019-10-29,21:22:07,10,f,mb,4.9,MINDANAO, PHILIPPINES,2019-10-30 07:37,801915
6.92,125.03,2019-10-29,17:47:50,10,f,mb,4.8,MINDANAO, PHILIPPINES,2019-10-30 07:33,801884
6.84,124.91,2019-10-29,17:35:24,10, , M,4.1,MINDANAO, PHILIPPINES,2019-10-29 17:55,801883
6.68,125.08,2019-10-29,15:13:14,10,f,mb,4.5,MINDANAO, PHILIPPINES,2019-11-06 20:58,801869
6.79,125.18,2019-10-29,08:46:02,10,f,mb,5.2,MINDANAO, PHILIPPINES,2019-10-29 10:51,801786
6.9,125.01,2019-10-29,08:33:11,10,f,Mw,5.3,MINDANAO, PHILIPPINES,2019-10-29 09:06,801783
5.11,126.6,2019-10-29,04:15:42,78, , M,4,MINDANAO, PHILIPPINES,2019-10-29 04:41,801747
6.74,124.9,2019-10-29,03:22:22,17, , M,4.4,MINDANAO, PHILIPPINES,2019-10-29 04:00,801741
6.84,124.92,2019-10-29,02:52:36,19, , M,4.3,MINDANAO, PHILIPPINES,2019-10-29 03:40,801738
6.89,125.08,2019-10-29,02:42:37,10,f,Mw,5.8,MINDANAO, PHILIPPINES,2019-10-29 07:52,801733
6.83,125.14,2019-10-29,02:22:35,10,f,mb,5,MINDANAO, PHILIPPINES,2019-10-29 07:50,801726
6.74,125.23,2019-10-29,02:20:33,10, ,mb,5,MINDANAO, PHILIPPINES,2019-10-29 07:49,801724
6.89,125.02,2019-10-29,01:28:05,10, ,mb,5.1,MINDANAO, PHILIPPINES,2019-10-29 07:47,801700
6.83,125.12,2019-10-29,01:04:44,20,f,Mw,6.6,MINDANAO, PHILIPPINES,2019-10-29 01:28,801696
7.02,124.7,2019-10-23,21:53:04,10, , M,4.2,MINDANAO, PHILIPPINES,2019-10-23 22:15,800658
6.76,125.03,2019-10-23,10:22:18,10,f,mb,4.4,MINDANAO, PHILIPPINES,2019-10-23 12:34,800562
6.73,125.08,2019-10-22,18:45:55,30, ,mb,4.5,MINDANAO, PHILIPPINES,2019-10-23 06:45,800415
6.73,124.97,2019-10-21,13:53:05,10,f,mb,4.5,MINDANAO, PHILIPPINES,2019-10-30 16:58,800195
6.59,125.21,2019-10-20,18:32:48,10,f,mb,4.5,MINDANAO, PHILIPPINES,2019-10-21 06:41,800012
6.68,125.26,2019-10-20,12:20:40,10,f,mb,4.7,MINDANAO, PHILIPPINES,2019-10-21 06:38,799964
6.71,125.27,2019-10-20,11:59:43,10,f,mb,5.1,MINDANAO, PHILIPPINES,2019-10-20 13:39,799962
6.73,125.25,2019-10-20,11:50:35,10,f,mb,5,MINDANAO, PHILIPPINES,2019-10-20 13:40,799960
6.65,125.03,2019-10-20,08:55:32,10, ,mb,5.2,MINDANAO, PHILIPPINES,2019-10-20 13:43,799934
6.7,125.15,2019-10-19,11:44:29,10, ,mb,5,MINDANAO, PHILIPPINES,2019-10-20 14:16,799760
6.78,125.12,2019-10-18,22:52:18,30, ,mb,5,MINDANAO, PHILIPPINES,2019-10-20 14:36,799666
6.82,125,2019-10-18,10:56:20,10,f,mb,4.9,MINDANAO, PHILIPPINES,2019-10-18 12:10,799567
6.87,125.01,2019-10-17,15:05:52,10,f,mb,4.9,MINDANAO, PHILIPPINES,2019-10-17 15:33,799410
5.24,126.19,2019-10-17,01:28:56,88, ,Mw,5,MINDANAO, PHILIPPINES,2019-10-17 06:58,799305
7.32,126.59,2019-10-16,20:53:53,126, ,Mw,5.1,MINDANAO, PHILIPPINES,2019-10-17 06:56,799265
6.65,125.23,2019-10-16,12:21:00,10, ,mb,4.9,MINDANAO, PHILIPPINES,2019-10-16 14:51,799201
6.81,125.06,2019-10-16,12:09:30,10,f,Mw,5.3,MINDANAO, PHILIPPINES,2019-10-16 14:50,799198
6.8,125.02,2019-10-16,11:37:05,10,f,Mw,6.4,MINDANAO, PHILIPPINES,2019-10-16 11:58,799196
6.84,124.9,2019-10-14,23:55:54,10,f,mb,4.7,MINDANAO, PHILIPPINES,2019-10-15 06:53,798932
6.69,124.99,2019-10-11,01:55:06,10, ,mb,5.1,MINDANAO, PHILIPPINES,2019-10-11 06:51,798198
5.66,126.48,2019-09-29,07:40:18,90, ,Mw,5.2,MINDANAO, PHILIPPINES,2019-09-29 16:49,795661
5.47,126.6,2019-09-29,03:12:12,72, , M,4.5,MINDANAO, PHILIPPINES,2019-09-29 03:25,795610
5.72,126.58,2019-09-29,02:02:52,89, ,Mw,6.2,MINDANAO, PHILIPPINES,2019-09-29 02:31,795599
14.94,122.16,2019-09-13,09:18:21,30, ,mb,4.7,LUZON, PHILIPPINES,2019-09-13 10:02,792036
14.98,122.21,2019-09-13,08:28:15,32,f,Mw,5.2,LUZON, PHILIPPINES,2019-09-13 08:56,792027
6.18,125.5,2019-09-10,18:46:09,54, ,mb,4.6,MINDANAO, PHILIPPINES,2019-09-13 18:40,791538
6.74,126.42,2019-09-10,05:39:23,50,f,Mw,5.6,MINDANAO, PHILIPPINES,2019-09-10 07:08,791421
6.14,125.51,2019-09-08,13:49:17,45, ,mb,5,MINDANAO, PHILIPPINES,2019-09-08 17:24,791122
13.87,120.65,2019-09-06,10:32:58,132, ,mb,4.9,MINDORO, PHILIPPINES,2019-09-06 11:13,790740
7.52,126.74,2019-08-31,13:02:21,71, ,Mw,5,MINDANAO, PHILIPPINES,2019-08-31 19:17,789555
6.22,126.14,2019-08-02,16:10:09,148, ,Mw,5.4,MINDANAO, PHILIPPINES,2019-08-03 06:33,783750
20.77,122.09,2019-07-27,01:24:43,2, ,Mw,5.7,BATAN ISL REGION, PHILIPPINES,2019-07-27 06:45,782218
9.27,125.94,2019-07-23,09:38:31,60, ,mb,4.8,MINDANAO, PHILIPPINES,2019-07-23 11:44,781471
7.05,125.02,2019-07-15,04:26:30,10, , M,5,MINDANAO, PHILIPPINES,2019-07-15 04:35,779512
9.32,126.08,2019-07-12,20:42:54,7, ,Mw,5.8,MINDANAO, PHILIPPINES,2019-07-14 17:52,778802
6.87,125.09,2019-07-10,00:56:36,20, ,mb,5.1,MINDANAO, PHILIPPINES,2019-07-10 06:48,777863
6.85,125.14,2019-07-09,15:31:46,10,f,mb,4.9,MINDANAO, PHILIPPINES,2019-07-10 06:37,777700
6.88,125.08,2019-07-09,14:12:57,10,f,mb,4.9,MINDANAO, PHILIPPINES,2019-07-09 14:44,777680
6.83,125.13,2019-07-09,12:36:59,10,f,Mw,5.6,MINDANAO, PHILIPPINES,2019-07-09 12:58,777644
9.72,125.12,2019-06-29,19:00:07,51, ,Mw,5,MINDANAO, PHILIPPINES,2019-06-30 12:11,774147
9.76,126.49,2019-06-08,13:23:34,10,f,mb,4.9,MINDANAO, PHILIPPINES,2019-06-08 15:52,770252
6.24,126.61,2019-06-01,09:45:28,86, ,Mw,5.3,MINDANAO, PHILIPPINES,2019-06-01 16:15,768939
6.3,126.48,2019-05-31,10:12:31,91, ,Mw,6.1,MINDANAO, PHILIPPINES,2019-05-31 18:42,768739
9.19,126.28,2019-05-20,19:12:06,10,f,mb,4.6,MINDANAO, PHILIPPINES,2019-05-21 06:46,766710
11.73,125.6,2019-05-08,03:01:07,75,f,mb,4.6,SAMAR, PHILIPPINES,2019-05-08 06:09,764292
18.6,121.11,2019-05-06,02:48:43,51, ,Mw,5.5,LUZON, PHILIPPINES,2019-05-06 07:43,763852
12.43,120.99,2019-05-04,01:05:09,10,f,Mw,5.7,MINDORO, PHILIPPINES,2019-05-05 08:19,763445
9.94,126.42,2019-04-27,11:11:23,40, ,mb,4.9,MINDANAO, PHILIPPINES,2019-04-27 14:27,761815
9.79,126.67,2019-04-26,10:54:54,40, ,mb,5,MINDANAO, PHILIPPINES,2019-04-26 12:05,761563
9.82,126.55,2019-04-26,08:04:30,69, ,Mw,5.3,MINDANAO, PHILIPPINES,2019-04-26 12:02,761532
9.8,126.48,2019-04-26,06:04:27,69, ,mb,5,MINDANAO, PHILIPPINES,2019-04-26 06:56,761515
9.76,126.57,2019-04-26,05:27:08,80, ,mb,5.2,MINDANAO, PHILIPPINES,2019-04-26 15:25,761507
18.22,120.68,2019-04-25,19:00:16,44, ,mb,4.6,LUZON, PHILIPPINES,2019-04-26 07:08,761429
14.92,120.58,2019-04-23,18:03:01,61,f,mb,4.7,LUZON, PHILIPPINES,2019-04-24 08:15,760993
11.75,125.16,2019-04-23,06:41:12,56, ,mb,4.8,SAMAR, PHILIPPINES,2019-04-23 12:19,760881
11.8,125.17,2019-04-23,05:37:53,66, ,Mw,6.4,SAMAR, PHILIPPINES,2019-04-23 06:00,760848
14.91,120.51,2019-04-22,09:11:11,20,f,Mw,6.1,LUZON, PHILIPPINES,2019-04-22 17:19,760623
9.69,126.48,2019-04-22,03:59:57,30,f,mb,4.7,MINDANAO, PHILIPPINES,2019-04-22 17:10,760576
10.62,125.9,2019-04-01,02:16:55,80, ,Mw,5.5,LEYTE, PHILIPPINES,2019-04-01 07:03,755107
9.95,123.92,2019-03-25,02:53:02,10, ,mb,4.6,NEGROS- CEBU REG, PHILIPPINES,2019-03-25 16:37,753393
13.64,120.87,2019-03-16,09:58:20,130, ,Mw,5.4,MINDORO, PHILIPPINES,2019-03-16 19:37,751260
6.26,125.43,2019-03-15,23:07:56,92, ,Mw,5.5,MINDANAO, PHILIPPINES,2019-03-16 08:36,751135
9.57,126.13,2019-03-14,23:02:49,60, ,mb,4.6,MINDANAO, PHILIPPINES,2019-03-15 07:49,750878
7.14,125.01,2019-03-08,14:48:28,29, ,mb,4.5,MINDANAO, PHILIPPINES,2019-03-10 21:33,749491
8.56,126.96,2019-03-06,00:13:01,20,f,Mw,5.9,MINDANAO, PHILIPPINES,2019-03-06 07:43,748887
14.86,120.22,2019-02-23,04:14:43,79, ,mb,4.9,LUZON, PHILIPPINES,2019-02-23 07:59,746757
9.76,126.37,2019-02-14,21:24:21,45, ,mb,4.9,MINDANAO, PHILIPPINES,2019-02-15 07:37,745024
9.8,126.34,2019-02-14,11:57:12,50, ,mb,4.7,MINDANAO, PHILIPPINES,2019-02-14 15:29,744951
9.75,126.48,2019-02-13,12:33:14,10,f,mb,4.9,MINDANAO, PHILIPPINES,2019-02-13 15:30,744757
9.75,126.5,2019-02-13,06:50:06,51, ,mb,4.9,MINDANAO, PHILIPPINES,2019-02-13 07:57,744699
9.88,126.41,2019-02-10,16:48:50,52, ,mb,4.6,MINDANAO, PHILIPPINES,2019-02-11 08:45,744206
9.86,126.31,2019-02-10,14:33:38,60, ,Mw,5.2,MINDANAO, PHILIPPINES,2019-02-10 18:41,744186
9.96,126.4,2019-02-09,22:21:14,10, ,mb,5.2,MINDANAO, PHILIPPINES,2019-02-09 23:32,744054
9.92,126.42,2019-02-08,21:09:59,20,f,Mw,5,MINDANAO, PHILIPPINES,2019-02-09 09:44,743856
9.79,126.32,2019-02-08,20:37:51,47, ,mb,4.8,MINDANAO, PHILIPPINES,2019-02-09 09:43,743852
9.85,126.34,2019-02-08,17:02:42,40, ,mb,4.9,MINDANAO, PHILIPPINES,2019-02-09 09:39,743828
9.88,126.4,2019-02-08,12:45:38,10,f,mb,5.1,MINDANAO, PHILIPPINES,2019-02-08 15:10,743751
9.84,126.47,2019-02-08,11:55:06,12, ,Mw,5.9,MINDANAO, PHILIPPINES,2019-02-08 14:00,743744
15.83,120.61,2019-02-06,10:25:20,136, ,Mw,5.4,LUZON, PHILIPPINES,2019-02-06 10:44,743272
17.07,120.76,2019-02-04,12:55:39,100, ,mb,4.8,LUZON, PHILIPPINES,2019-02-04 14:29,742820
9.81,126.2,2019-01-30,09:28:50,40, ,mb,4.8,MINDANAO, PHILIPPINES,2019-01-30 15:31,741739
11.52,125.81,2019-01-30,03:28:01,115, ,mb,4.9,SAMAR, PHILIPPINES,2019-01-30 08:04,741704
11.52,125.84,2019-01-27,06:24:55,30, ,mb,5.1,SAMAR, PHILIPPINES,2019-01-27 09:08,741128
19.21,121.22,2019-01-24,08:34:54,40, ,Mw,5.5,BABUYAN ISL REGION, PHILIPPINES,2019-01-24 08:56,740491
5.92,126.94,2019-01-15,20:03:21,71, ,Mw,5.7,MINDANAO, PHILIPPINES,2019-01-16 07:48,739170
18.1,120.62,2019-01-12,13:20:12,60, ,mb,4.8,LUZON, PHILIPPINES,2019-01-12 18:18,738432
18.36,121.34,2019-01-09,08:32:23,10,f,mb,4.7,LUZON, PHILIPPINES,2019-01-09 10:50,737787
7.85,122.01,2019-01-07,03:11:56,40, ,Mw,5.5,MINDANAO, PHILIPPINES,2019-01-07 07:49,737317
5.82,126.95,2018-12-29,09:13:01,60, ,Mw,5.3,MINDANAO, PHILIPPINES,2018-12-29 10:23,735681
5.96,126.76,2018-12-29,03:39:10,66, ,Mw,7,MINDANAO, PHILIPPINES,2018-12-29 10:16,735637
9.75,123.24,2018-12-24,14:44:01,60, ,mb,4.7,NEGROS- CEBU REG, PHILIPPINES,2018-12-25 11:21,734669
9.67,126.13,2018-12-10,19:33:00,18, , M,4,MINDANAO, PHILIPPINES,2018-12-10 19:50,731668
6.67,125.76,2018-12-06,14:13:43,176, ,mb,5.3,MINDANAO, PHILIPPINES,2018-12-06 14:28,730780
9.45,126.3,2018-12-05,13:09:40,40, ,mb,4.6,MINDANAO, PHILIPPINES,2018-12-06 08:37,730455
10.73,122.4,2018-11-05,02:54:07,10,f,mb,4.9,PANAY, PHILIPPINES,2018-11-05 07:56,723090
10.92,122.02,2018-11-04,23:46:10,30,f,mb,4.7,PANAY, PHILIPPINES,2018-11-05 07:53,723055
18.33,120.97,2018-10-27,10:39:06,30, ,mb,4.6,LUZON, PHILIPPINES,2018-10-28 10:06,720708
12.37,124.62,2018-10-17,18:34:52,120, ,mb,5.1,SAMAR, PHILIPPINES,2018-10-18 06:41,718766
8.51,122.63,2018-10-16,03:52:05,30,f,mb,5,MINDANAO, PHILIPPINES,2018-10-16 07:02,718411
8.92,126.28,2018-10-07,23:04:00,19, , M,4.1,MINDANAO, PHILIPPINES,2018-10-07 23:15,716910
9.46,126.25,2018-10-07,21:54:47,69, ,mb,4.9,MINDANAO, PHILIPPINES,2018-10-08 06:49,716905
15.52,121.67,2018-10-04,14:50:00,7, , M,4.1,LUZON, PHILIPPINES,2018-10-04 15:10,716381
7.08,125.84,2018-10-03,21:44:20,35,f,mb,4.5,MINDANAO, PHILIPPINES,2018-10-17 05:21,716265
7.25,126.54,2018-09-08,07:16:49,10, ,Mw,6.1,MINDANAO, PHILIPPINES,2018-09-08 12:06,711685
13.56,120.89,2018-08-31,14:40:29,145, ,Mw,5.5,MINDORO, PHILIPPINES,2018-08-31 14:59,710267
9.78,125.32,2018-07-10,16:24:22,60, ,Mw,5.1,MINDANAO, PHILIPPINES,2018-07-11 07:23,690826
9.78,125.4,2018-07-10,07:54:03,80, ,mb,4.7,MINDANAO, PHILIPPINES,2018-07-10 14:10,690611
5.93,125.21,2018-07-03,09:59:55,113, ,Mw,5.6,MINDANAO, PHILIPPINES,2018-07-03 11:48,686828
14,120.65,2018-07-03,04:25:54,141, ,mb,5.4,LUZON, PHILIPPINES,2018-07-03 07:21,686691
9.27,125.65,2018-06-24,09:41:54,54, ,mb,4.9,MINDANAO, PHILIPPINES,2018-06-24 15:39,681504
14.94,119.81,2018-06-17,09:46:26,40, ,Mw,5.4,LUZON, PHILIPPINES,2018-06-17 18:34,677590
6.2,125.82,2018-06-17,02:39:38,135, ,Mw,5.1,MINDANAO, PHILIPPINES,2018-06-17 18:26,677451
6.53,126.3,2018-06-13,14:59:08,137, ,mb,4.9,MINDANAO, PHILIPPINES,2018-06-13 15:25,675786
6.47,126.38,2018-06-10,19:20:03,92, ,mb,4.6,MINDANAO, PHILIPPINES,2018-06-11 06:48,674418
5.47,125.46,2018-05-13,15:33:31,180, ,mb,5.1,MINDANAO, PHILIPPINES,2018-05-14 06:13,665995
6.22,125.82,2018-05-11,20:56:32,139, ,Mw,5.1,MINDANAO, PHILIPPINES,2018-05-12 18:44,665522
10.2,125.56,2018-05-10,11:56:58,30, ,mb,5.7,LEYTE, PHILIPPINES,2018-05-11 06:36,665197
14.47,123.92,2018-05-05,06:19:04,20, ,Mw,6.1,LUZON, PHILIPPINES,2018-05-07 10:01,663778
6.83,126.78,2018-04-05,03:53:41,69, ,Mw,5.9,MINDANAO, PHILIPPINES,2018-04-05 06:48,657933
8.14,124.79,2018-03-15,07:20:00,10,f,mb,5,MINDANAO, PHILIPPINES,2018-03-15 07:56,654444
11.29,125.42,2018-03-05,01:05:39,124, ,mb,4.9,SAMAR, PHILIPPINES,2018-03-05 07:43,652442
13.59,121.63,2018-02-26,09:39:17,10,f,mb,5,MINDORO, PHILIPPINES,2018-02-26 14:35,651037
18.08,120.81,2018-02-06,04:59:13,40,f,mb,4.8,LUZON, PHILIPPINES,2018-02-06 08:26,646193
9.01,126.58,2018-01-28,02:18:12,30,f,mb,5,MINDANAO, PHILIPPINES,2018-01-28 08:41,644009
13.51,120.55,2018-01-14,15:49:24,35, ,mb,5.1,MINDORO, PHILIPPINES,2018-01-14 22:13,641241
13.46,120.57,2018-01-14,15:20:28,35,f,mb,4.9,MINDORO, PHILIPPINES,2018-01-14 22:15,641237
5.57,125.03,2017-12-31,14:53:32,44, ,Mw,5,MINDANAO, PHILIPPINES,2017-12-31 19:28,638593
7.78,126.65,2017-12-17,08:15:28,68, ,mb,4.7,MINDANAO, PHILIPPINES,2017-12-17 17:36,636234
10.95,124.98,2017-12-09,07:39:13,54, ,mb,4.7,LEYTE, PHILIPPINES,2017-12-09 08:51,634859
11.22,125.73,2017-12-06,02:48:24,60, ,mb,5,SAMAR, PHILIPPINES,2017-12-06 07:48,634306
11.74,125.84,2017-12-04,16:02:50,22, ,mb,4.5,SAMAR, PHILIPPINES,2017-12-17 16:02,636277
7.74,124.9,2017-11-30,18:57:56,10,f,mb,4.7,MINDANAO, PHILIPPINES,2017-12-01 07:47,633310
14.05,120.76,2017-10-22,14:21:01,218, ,Mw,5.4,LUZON, PHILIPPINES,2017-10-22 20:19,625674
17.54,120.16,2017-10-19,07:06:28,10,f,mb,4.8,LUZON, PHILIPPINES,2017-10-19 10:56,625048
7.7,124.85,2017-09-23,20:47:08,10, ,Mw,5.7,MINDANAO, PHILIPPINES,2017-09-24 12:44,620129
13.68,120.84,2017-09-23,13:30:33,186, ,mb,5.1,MINDORO, PHILIPPINES,2017-09-23 19:59,620076
11.04,124.73,2017-08-22,22:26:14,10,f,mb,5,LEYTE, PHILIPPINES,2017-08-23 06:34,613455
13.96,120.69,2017-08-11,05:28:26,189, ,Mw,6.2,MINDORO, PHILIPPINES,2017-08-11 06:47,611436
9.56,126.27,2017-08-09,03:09:40,40, ,mb,4.8,MINDANAO, PHILIPPINES,2017-08-09 12:11,610996
7.95,125.21,2017-08-05,07:39:20,30, ,mb,5,MINDANAO, PHILIPPINES,2017-08-05 09:24,610070
6.2,125.41,2017-08-05,00:30:42,90, ,Mw,5.8,MINDANAO, PHILIPPINES,2017-08-05 09:23,610010
12.97,123.94,2017-07-30,15:31:07,76, ,mb,4.4,MASBATE REGION, PHILIPPINES,2017-08-14 13:37,612102
11.01,124.84,2017-07-10,01:41:49,10,f,Mw,5.9,LEYTE, PHILIPPINES,2017-07-10 06:50,604281
11.11,124.8,2017-07-06,08:03:58,10, ,Mw,6.5,LEYTE, PHILIPPINES,2017-07-06 08:27,603516
5.68,125.3,2017-06-09,12:58:25,34, ,mb,5.2,MINDANAO, PHILIPPINES,2017-06-09 14:53,597274
15.07,120.38,2017-05-25,14:27:06,100, ,mb,5.4,LUZON, PHILIPPINES,2017-05-25 16:38,594284
9.74,124.54,2017-05-24,14:08:07,40, ,mb,4.5,BOHOL, PHILIPPINES,2017-05-25 09:13,594052
6.49,126.98,2017-05-20,05:17:29,93, ,mb,5,MINDANAO, PHILIPPINES,2017-05-20 15:13,593157
5.48,125.08,2017-04-28,20:23:18,42,f,Mw,6.8,MINDANAO, PHILIPPINES,2017-04-28 21:23,587607
9.24,126.39,2017-04-23,01:19:47,69, ,mb,5.2,MINDANAO, PHILIPPINES,2017-04-23 04:25,585993
7.83,124.78,2017-04-15,20:40:54,10, ,Mw,5.1,MINDANAO, PHILIPPINES,2017-04-16 09:29,584330
7.73,124.9,2017-04-12,20:01:05,10, ,Mw,5.5,MINDANAO, PHILIPPINES,2017-04-13 06:33,583553
7.72,124.87,2017-04-11,21:21:01,10,f,Mw,5.8,MINDANAO, PHILIPPINES,2017-04-12 06:44,583291
13.65,120.81,2017-04-08,17:26:42,54, ,mb,4.4,MINDORO, PHILIPPINES,2017-04-11 14:42,582597
13.55,120.85,2017-04-08,15:22:57,40, ,mb,4.7,MINDORO, PHILIPPINES,2017-04-09 09:34,582577
13.68,121.06,2017-04-08,08:36:39,40, ,mb,4.7,MINDORO, PHILIPPINES,2017-04-08 10:43,582507
13.75,121.09,2017-04-08,07:29:15,60, ,mb,5,MINDORO, PHILIPPINES,2017-04-08 10:30,582491
13.79,120.89,2017-04-08,07:09:25,24, ,Mw,5.9,MINDORO, PHILIPPINES,2017-04-08 10:28,582484
13.71,120.92,2017-04-08,07:08:01,49, ,Mw,5.5,MINDORO, PHILIPPINES,2017-04-08 10:30,582483
13.78,120.99,2017-04-04,16:49:03,20,f,Mw,4.9,MINDORO, PHILIPPINES,2017-04-10 11:14,581583
13.77,121.11,2017-04-04,15:13:48,20,f,mb,5.2,MINDORO, PHILIPPINES,2017-04-10 11:13,581573
13.65,121.18,2017-04-04,14:44:23,20,f,mb,4.8,MINDORO, PHILIPPINES,2017-04-10 11:13,581562
13.63,120.99,2017-04-04,14:10:02,20,f,mb,4.7,MINDORO, PHILIPPINES,2017-04-10 11:12,581558
13.72,121.09,2017-04-04,12:58:47,20,f,Mw,5.1,MINDORO, PHILIPPINES,2017-04-10 11:11,581542
10.46,123.85,2017-03-20,19:42:04,46, ,mb,4.3,NEGROS- CEBU REG, PHILIPPINES,2017-04-04 16:49,578122
9.74,125.36,2017-03-14,11:47:58,60, ,mb,4.6,MINDANAO, PHILIPPINES,2017-03-14 16:03,576362
9.85,125.54,2017-03-05,00:08:20,30, ,Mw,5.7,MINDANAO, PHILIPPINES,2017-03-05 10:00,573824
7.24,125.58,2017-02-23,11:17:38,17, ,mb,4.1,MINDANAO, PHILIPPINES,2017-02-23 22:16,571228
7.1,125.68,2017-02-23,01:50:15,10, ,mb,4.6,MINDANAO, PHILIPPINES,2017-02-23 07:50,571000
6.95,125.4,2017-02-16,06:27:07,25, ,mb,4.4,MINDANAO, PHILIPPINES,2017-02-16 22:09,569191
9.7,125.44,2017-02-15,00:35:00,9, ,ML,4,MINDANAO, PHILIPPINES,2017-02-15 01:10,568828
6.29,125.73,2017-02-11,09:15:00,9, ,ML,4.5,MINDANAO, PHILIPPINES,2017-02-11 10:10,567666
9.84,125.57,2017-02-11,09:11:04,40, ,mb,4.8,MINDANAO, PHILIPPINES,2017-02-11 12:39,567659
9.83,125.5,2017-02-10,14:03:42,10, ,Mw,6.5,MINDANAO, PHILIPPINES,2017-02-10 14:29,567367
9.16,123.11,2017-02-04,19:18:00,22, ,ML,4.3,NEGROS- CEBU REG, PHILIPPINES,2017-02-05 01:10,565236
8.9,126.73,2017-01-20,03:43:58,53, ,mb,4.9,MINDANAO, PHILIPPINES,2017-01-20 07:44,561359
9.72,123.91,2017-01-14,06:35:00,19, ,ML,4.3,NEGROS- CEBU REG, PHILIPPINES,2017-01-14 07:11,559762
13.45,124.25,2017-01-11,06:24:51,53, ,mb,4.8,CATANDUANES, PHILIPPINES,2017-01-11 14:07,559015
18.12,120.38,2017-01-09,09:20:16,40, ,mb,4.9,LUZON, PHILIPPINES,2017-01-11 14:08,558616
15.54,120.11,2016-12-27,04:07:48,100, ,mb,4.6,LUZON, PHILIPPINES,2016-12-27 10:27,555395
19.11,121.16,2016-12-26,01:23:34,10,f,mb,5.1,BABUYAN ISL REGION, PHILIPPINES,2016-12-26 10:20,555180
9.95,126.32,2016-12-23,16:09:36,73, ,mb,5,MINDANAO, PHILIPPINES,2016-12-23 23:22,554696
11.55,125.64,2016-12-22,03:02:33,88, ,mb,5.1,SAMAR, PHILIPPINES,2016-12-22 06:13,554383
10.17,125.85,2016-12-19,20:44:44,100, ,mb,5.5,LEYTE, PHILIPPINES,2016-12-19 22:47,553876
13.81,120.71,2016-11-13,23:56:43,122, ,mb,4.7,MINDORO, PHILIPPINES,2016-11-14 08:01,545264
16.89,121.6,2016-11-13,23:47:00,8, ,ML,4.2,LUZON, PHILIPPINES,2016-11-14 00:10,545265
14.8,121.51,2016-11-10,07:11:03,40, ,mb,4.8,LUZON, PHILIPPINES,2016-11-10 07:53,544284
10.44,124.15,2016-10-17,21:02:22,47, ,mb,4.2,LEYTE, PHILIPPINES,2016-11-01 02:10,537716
9.13,125.62,2016-10-14,18:29:04,40, ,mb,5.3,MINDANAO, PHILIPPINES,2016-10-15 15:33,537001
13.63,120.88,2016-10-12,01:39:26,147, ,mb,5.3,MINDORO, PHILIPPINES,2016-10-12 06:47,536553
9.06,125.68,2016-10-09,10:39:21,80, ,mb,4.8,MINDANAO, PHILIPPINES,2016-10-09 21:15,536055
9.29,126.14,2016-10-06,02:25:13,80, ,mb,4.7,MINDANAO, PHILIPPINES,2016-10-06 07:01,535391
16.45,119.76,2016-10-02,13:40:06,30,f,mb,5.7,LUZON, PHILIPPINES,2016-10-02 17:21,534730
9.73,125.33,2016-10-01,22:22:45,60, ,mb,4.6,MINDANAO, PHILIPPINES,2016-10-02 08:48,534648
6.62,126.57,2016-09-23,22:53:09,52, ,Mw,6.4,MINDANAO, PHILIPPINES,2016-09-23 23:51,532785
6.84,120.92,2016-09-07,15:44:50,50,f,mb,4.5,SULU ARCHIPELAGO, PHILIPPINES,2016-09-08 06:56,529204
8.28,125.99,2016-09-07,04:54:28,60, ,mb,5,MINDANAO, PHILIPPINES,2016-09-07 06:41,529113
8.45,126.03,2016-09-04,07:54:36,3, ,mb,5,MINDANAO, PHILIPPINES,2016-09-04 08:43,528534
8.44,125.92,2016-09-04,02:38:11,15,f,Mw,5.7,MINDANAO, PHILIPPINES,2016-09-04 08:55,528478
6.38,123.97,2016-09-02,12:02:50,10,f,mb,5,MORO GULF  MINDANAO, PHILIPPINES,2016-09-02 14:18,528076
10.87,122.24,2016-08-15,11:32:04,50, ,mb,5.4,PANAY, PHILIPPINES,2016-08-16 01:07,524003
11.56,124.44,2016-08-13,14:05:03,30,f,Mw,5.2,LEYTE, PHILIPPINES,2016-08-13 19:32,523668
10.09,123.09,2016-08-12,10:43:28,52, ,mb,4.6,NEGROS- CEBU REG, PHILIPPINES,2016-08-12 14:42,523445
5.62,125.83,2016-08-10,04:06:59,137, ,Mw,5.3,MINDANAO, PHILIPPINES,2016-08-10 14:58,522935
6.22,125.41,2016-08-06,09:08:22,83,f,Mw,5.2,MINDANAO, PHILIPPINES,2016-08-06 14:14,522304
11.01,124.64,2016-07-27,11:56:16,49, ,mb,4.9,LEYTE, PHILIPPINES,2016-07-28 06:47,520527
9.76,125.56,2016-07-26,14:29:07,10,f,mb,5.2,MINDANAO, PHILIPPINES,2016-07-27 06:35,520353
7.56,121.88,2016-07-25,15:05:39,40, ,mb,4.7,MINDANAO, PHILIPPINES,2016-07-26 06:46,520105
10.19,123.05,2016-07-23,21:23:46,10,f,mb,4.5,NEGROS- CEBU REG, PHILIPPINES,2016-08-06 03:55,519823
8.54,125.86,2016-07-08,23:16:49,55,f,Mw,5.3,MINDANAO, PHILIPPINES,2016-07-09 08:01,517149
6.85,126.35,2016-07-06,21:00:50,80, ,mb,4.9,MINDANAO, PHILIPPINES,2016-07-07 06:38,516753
6.66,126.16,2016-06-25,06:40:29,50,f,mb,5.2,MINDANAO, PHILIPPINES,2016-06-25 08:38,514345
16.53,121.04,2016-06-10,18:52:10,51, ,mb,5.1,LUZON, PHILIPPINES,2016-06-11 12:18,511681
16.58,121.07,2016-06-09,19:54:39,49, ,Mw,5.3,LUZON, PHILIPPINES,2016-06-10 06:26,511472
9.16,125.79,2016-06-02,15:21:30,19, ,ML,4.3,MINDANAO, PHILIPPINES,2016-06-02 15:53,510047
13.18,120.68,2016-05-31,16:29:48,60, ,mb,4.8,MINDORO, PHILIPPINES,2016-06-01 06:57,509634
14.98,122.1,2016-05-21,11:14:44,10, ,mb,4.8,LUZON, PHILIPPINES,2016-05-21 14:15,507762
6.1,126.27,2016-05-17,13:58:19,132, ,mb,4.8,MINDANAO, PHILIPPINES,2016-05-17 14:54,507051
9.01,126.27,2016-04-28,13:49:02,112, ,mb,4.5,MINDANAO, PHILIPPINES,2016-04-28 19:49,503397
7.88,122.13,2016-04-13,18:21:52,20,f,Mw,5.9,MINDANAO, PHILIPPINES,2016-04-14 07:43,500489
15.15,120.09,2016-03-16,22:46:29,10,f,mb,4.7,LUZON, PHILIPPINES,2016-03-17 08:59,494802
18.13,120.34,2016-03-12,04:00:26,10,f,Mw,5.4,LUZON, PHILIPPINES,2016-03-12 08:54,493793
12.4,123.72,2016-02-18,17:49:21,10,f,mb,4.6,MASBATE REGION, PHILIPPINES,2016-02-19 07:37,489254
17.68,120.71,2015-12-17,12:44:02,70, ,Mw,5.3,LUZON, PHILIPPINES,2015-12-17 14:22,477152
16.51,119.98,2015-11-07,19:40:15,60, ,Mw,5.4,LUZON, PHILIPPINES,2015-11-07 23:37,468717
7.3,125.72,2015-11-06,17:33:23,20, ,mb,4.7,MINDANAO, PHILIPPINES,2015-11-07 08:44,468535
6.21,125.54,2015-10-27,02:32:42,71, ,mb,4.7,MINDANAO, PHILIPPINES,2015-10-27 07:50,466757
13.87,120.72,2015-10-19,13:50:43,123, ,Mw,5.8,MINDORO, PHILIPPINES,2015-10-19 14:25,465424
13.51,120.57,2015-08-09,04:49:51,100, ,mb,4.9,MINDORO, PHILIPPINES,2015-08-09 15:54,454175
7.65,125.7,2015-08-01,15:17:42,35,f,mb,4.7,MINDANAO, PHILIPPINES,2015-08-01 21:05,453158
14.91,120.33,2015-07-26,09:47:47,63, ,mb,4.4,LUZON, PHILIPPINES,2015-07-27 23:55,452500
17.79,120.77,2015-07-05,13:12:40,10,f,mb,4.8,LUZON, PHILIPPINES,2015-07-05 15:20,449489
17.98,120.88,2015-07-05,12:56:51,40, ,Mw,5.2,LUZON, PHILIPPINES,2015-07-05 15:20,449486
9.58,124.36,2015-03-30,01:47:55,30,f,mb,4.9,BOHOL, PHILIPPINES,2015-03-30 06:59,434327
14.06,120.72,2015-02-10,16:09:25,142, ,mb,5.1,LUZON, PHILIPPINES,2015-02-11 07:34,426693
9.62,126.39,2015-02-06,08:03:20,80, ,mb,5.2,MINDANAO, PHILIPPINES,2015-02-06 09:07,426070
13.94,124.54,2015-02-02,15:13:39,7, ,Mw,5.4,CATANDUANES, PHILIPPINES,2015-02-03 07:58,425476
5.85,125.49,2015-01-21,05:20:28,80, ,Mw,5.4,MINDANAO, PHILIPPINES,2015-01-21 07:39,423443
4.71,119.85,2015-01-19,17:19:46,10, ,Mw,5.5,SULU ARCHIPELAGO, PHILIPPINES,2015-01-20 07:38,423241
12.89,124.76,2015-01-13,15:33:30,60, ,mb,4.7,SAMAR, PHILIPPINES,2015-01-14 08:00,422340
14.81,120.31,2015-01-10,19:32:03,80, ,Mw,5.8,LUZON, PHILIPPINES,2015-01-11 04:23,421924
13.83,120.74,2014-12-31,09:26:25,129, ,Mw,5.5,MINDORO, PHILIPPINES,2014-01-05 09:16,415661
8.7,121.62,2014-12-29,09:29:38,10, ,Mw,6.1,MINDANAO, PHILIPPINES,2014-12-29 20:58,415338
16.07,120.11,2014-12-16,17:06:44,88, ,mb,4.9,LUZON, PHILIPPINES,2014-12-17 07:33,413343
10.52,124.72,2014-11-10,01:19:48,10,f,mb,4.6,LEYTE, PHILIPPINES,2014-11-10 15:51,407872
9.89,124.13,2014-11-04,13:52:36,17, ,mb,4.5,BOHOL, PHILIPPINES,2014-11-04 23:05,407037
11.35,122.32,2014-10-03,08:05:47,30,f,Mw,5.5,PANAY, PHILIPPINES,2014-10-03 13:55,402595
6.91,125.31,2014-09-20,04:26:12,30, ,mb,5.2,MINDANAO, PHILIPPINES,2014-09-20 18:23,400688
10.44,125.42,2014-07-24,23:57:27,20, ,mb,5.3,LEYTE, PHILIPPINES,2014-07-25 06:28,392454
9.92,124.19,2014-07-19,22:21:55,10,f,mb,4.7,BOHOL, PHILIPPINES,2014-07-20 06:35,391767
5.75,126.57,2014-07-14,08:00:01,40, ,Mw,6.3,MINDANAO, PHILIPPINES,2014-07-14 09:24,390908
13.68,120.72,2014-06-25,11:52:04,80, ,Mw,5.4,MINDORO, PHILIPPINES,2014-06-25 13:31,387391
10.1,122.37,2014-06-09,21:45:15,10, ,Mw,5.4,PANAY, PHILIPPINES,2014-06-11 07:14,384317
9.41,122.14,2014-05-15,10:16:43,20,f,Mw,6.2,NEGROS, PHILIPPINES,2014-05-15 12:36,378290
5.71,125.83,2014-05-09,05:44:28,131, ,Mw,5.4,MINDANAO, PHILIPPINES,2014-05-09 10:49,377132
9.92,124.17,2014-04-25,06:58:57,10,f,mb,4.7,BOHOL, PHILIPPINES,2014-04-25 11:02,374527
17.42,120.07,2014-04-21,20:45:23,20, ,Mw,5.5,LUZON, PHILIPPINES,2014-04-21 22:02,373829
12.91,120.96,2014-04-07,17:18:44,53, ,mb,4.8,MINDORO, PHILIPPINES,2014-04-08 07:13,370489
13.61,121.96,2014-01-26,17:57:47,40, ,mb,5.2,MINDORO, PHILIPPINES,2014-01-26 18:59,355514
5.86,125.67,2014-01-12,13:07:51,141, ,mb,5,MINDANAO, PHILIPPINES,2014-01-12 15:22,352557
16.07,120.87,2013-12-18,14:46:12,60,f,mb,4.9,LUZON, PHILIPPINES,2013-12-18 16:00,348638
12.93,124.26,2013-12-09,13:31:16,115, ,mb,4.8,SAMAR, PHILIPPINES,2013-12-10 09:48,347419
9.71,122.57,2013-12-08,01:33:21,45,f,mb,5,NEGROS, PHILIPPINES,2013-12-08 07:52,347160
6.68,126.21,2013-12-03,23:58:54,75, ,Mw,5.6,MINDANAO, PHILIPPINES,2013-12-04 08:29,346638
9.92,124.15,2013-11-14,18:14:00,57, ,mb,4.7,BOHOL, PHILIPPINES,2013-11-15 07:17,343717
9.83,124.36,2013-11-12,05:21:27,60, ,mb,4.7,BOHOL, PHILIPPINES,2013-11-12 07:56,343324
9.86,124.22,2013-11-01,13:58:45,45, ,mb,5,BOHOL, PHILIPPINES,2013-11-01 21:00,341897
9.81,124.24,2013-10-31,10:11:56,124, ,mb,4.5,BOHOL, PHILIPPINES,2013-10-31 16:21,341725
9.83,124.15,2013-10-25,16:59:49,10, ,mb,4.6,BOHOL, PHILIPPINES,2013-10-26 07:34,340889
9.01,126.3,2013-10-24,06:36:31,30, ,Mw,4.9,MINDANAO, PHILIPPINES,2013-10-24 08:39,340579
9.99,124.25,2013-10-22,18:42:09,70, ,Mw,4.9,BOHOL, PHILIPPINES,2013-10-23 06:56,340359
10.13,124.28,2013-10-21,11:43:17,20,f,mb,4.5,LEYTE, PHILIPPINES,2013-10-22 06:48,340163
9.95,124.19,2013-10-20,23:34:16,30,f,mb,5,BOHOL, PHILIPPINES,2013-10-21 06:57,340074
9.85,124.08,2013-10-20,23:03:21,20,f,Mw,5.2,BOHOL, PHILIPPINES,2013-10-21 06:53,340067
9.89,123.8,2013-10-20,08:05:40,10, ,mb,5.3,NEGROS- CEBU REG, PHILIPPINES,2013-10-20 11:30,339981
9.98,124.19,2013-10-20,01:45:33,10,f,mb,4.9,BOHOL, PHILIPPINES,2013-10-20 11:44,339925
10.07,124.41,2013-10-19,21:43:32,41, ,mb,4.9,LEYTE, PHILIPPINES,2013-10-20 12:04,339901
10.19,124.27,2013-10-19,20:40:41,10,f,mb,5,LEYTE, PHILIPPINES,2013-10-20 12:08,339892
9.94,124.17,2013-10-18,07:24:36,43, ,mb,4.6,BOHOL, PHILIPPINES,2013-10-18 12:05,339666
9.82,123.91,2013-10-16,23:37:32,30, ,mb,5.3,NEGROS- CEBU REG, PHILIPPINES,2013-10-17 07:24,339497
10.1,124.27,2013-10-16,17:04:31,10, ,mb,4.9,LEYTE, PHILIPPINES,2013-10-17 07:17,339461
9.72,123.71,2013-10-16,15:08:28,20,f,mb,5.2,NEGROS- CEBU REG, PHILIPPINES,2013-10-17 07:13,339436
9.9,124.33,2013-10-16,02:42:23,12, ,mb,5,BOHOL, PHILIPPINES,2013-10-16 07:35,339343
9.85,123.78,2013-10-16,01:37:00,10, ,mb,5.3,NEGROS- CEBU REG, PHILIPPINES,2013-10-16 07:34,339334
9.93,123.93,2013-10-15,13:51:19,10, ,mb,5.1,NEGROS- CEBU REG, PHILIPPINES,2013-10-16 07:09,339254
9.86,123.79,2013-10-15,08:42:51,20,f,Mw,5.7,NEGROS- CEBU REG, PHILIPPINES,2013-10-15 10:47,339212
10.01,124.11,2013-10-15,02:42:02,20, ,mb,5,LEYTE, PHILIPPINES,2013-10-15 06:55,339172
10.31,123.87,2013-10-15,02:36:52,20,f,mb,4.6,NEGROS- CEBU REG, PHILIPPINES,2013-10-15 03:13,339175
9.92,124.1,2013-10-15,00:12:33,15,f,Mw,7.1,BOHOL, PHILIPPINES,2013-10-15 11:21,339139
14.56,119.1,2013-09-27,08:03:15,10,f,mb,5.2,LUZON, PHILIPPINES,2013-09-27 09:35,336133
9.15,125.69,2013-09-12,12:32:56,50, ,mb,5,MINDANAO, PHILIPPINES,2013-09-12 13:44,333947
7.43,125.13,2013-07-15,01:28:56,51, ,mb,4.9,MINDANAO, PHILIPPINES,2013-07-15 09:33,326027
14.96,122.12,2013-06-19,11:05:40,30,f,mb,4.9,LUZON, PHILIPPINES,2013-06-19 13:12,322439
9.34,125.69,2013-06-19,08:30:28,57, ,M ,4.7,MINDANAO, PHILIPPINES,2013-06-19 09:07,322411
17.73,120.74,2013-06-14,17:00:25,60, ,mb,4.9,LUZON, PHILIPPINES,2013-06-14 17:38,321668
7.32,124.93,2013-06-01,14:10:07,10,f,Mw,5.6,MINDANAO, PHILIPPINES,2013-06-03 06:56,319903
14.98,123.29,2013-05-01,05:38:03,60, ,mb,5.3,LUZON, PHILIPPINES,2013-05-01 08:40,315016
15.88,121.74,2013-04-04,02:27:07,46, ,mb,5.3,LUZON, PHILIPPINES,2013-04-04 08:17,311131
5.96,125.85,2013-02-16,04:37:35,94, ,Mw,6.2,MINDANAO, PHILIPPINES,2013-02-16 07:25,304966
11.37,125.44,2013-01-19,13:48:06,80, ,Mw,5.3,SAMAR, PHILIPPINES,2013-01-19 19:51,301452
9.17,124.04,2012-12-19,14:00:23,124, ,M ,4.6,BOHOL, PHILIPPINES,2012-12-19 15:21,297634
6.74,126.24,2012-12-09,21:45:34,60, ,Mw,5.6,MINDANAO, PHILIPPINES,2012-12-10 07:38,296547
11.1,122.51,2012-11-26,17:53:01,10,f,mb,5,PANAY, PHILIPPINES,2012-11-27 07:21,294466
10.01,122.49,2012-11-14,05:21:43,40, ,Mw,5.6,PANAY, PHILIPPINES,2012-11-14 08:04,292559
10.32,123.19,2012-11-13,18:52:05,13, ,M ,4.7,NEGROS- CEBU REG, PHILIPPINES,2012-11-14 09:48,292450
13.17,120.64,2012-10-04,01:55:20,60, ,mb,5.2,MINDORO, PHILIPPINES,2012-10-04 07:26,287647
6,126.47,2012-09-20,21:21:05,100, ,mb,5.4,MINDANAO, PHILIPPINES,2012-09-21 06:41,286085
6.57,123.87,2012-09-03,06:49:54,40, ,Mw,5.8,MORO GULF  MINDANAO, PHILIPPINES,2012-09-03 09:14,283924
6.1,126.67,2012-07-12,19:21:55,42, ,M ,4.7,MINDANAO, PHILIPPINES,2012-07-13 13:24,277916
17.29,120.9,2012-07-12,00:09:30,60,f,mb,4.7,LUZON, PHILIPPINES,2012-07-12 07:21,277713
10.06,125.59,2012-07-03,21:59:57,192, ,mb,4.4,LEYTE, PHILIPPINES,2012-07-04 00:04,276597
15.69,119.64,2012-06-16,22:18:48,30,f,Mw,5.8,LUZON, PHILIPPINES,2012-06-17 21:27,273858
5.72,126.52,2012-06-15,01:14:11,80, ,Mw,5.6,MINDANAO, PHILIPPINES,2012-06-15 06:32,273615
11.64,125.76,2012-04-05,20:29:03,30,f,mb,4.8,SAMAR, PHILIPPINES,2012-04-06 06:29,261127
8.4,126.61,2012-04-03,04:25:54,80, ,mb,5.1,MINDANAO, PHILIPPINES,2012-04-03 07:30,260882
10.11,125.67,2012-03-16,07:58:03,23, ,Mw,5.8,LEYTE, PHILIPPINES,2012-03-16 09:46,258914
13.81,121.07,2012-03-08,15:30:22,10, ,mb,5.4,MINDORO, PHILIPPINES,2012-03-08 18:49,257942
12.45,123.68,2012-03-05,23:06:26,3, ,mb,5.4,MASBATE REGION, PHILIPPINES,2012-03-06 08:11,257619
10.03,125.96,2012-02-24,05:42:33,117, ,mb,5,LEYTE, PHILIPPINES,2012-02-24 07:49,256253
10.24,123.4,2012-02-07,20:37:47,30,f,mb,5.3,NEGROS- CEBU REG, PHILIPPINES,2012-02-08 07:39,254388
9.84,123.36,2012-02-06,22:35:13,10, ,mb,4.6,NEGROS- CEBU REG, PHILIPPINES,2012-02-06 22:50,254294
10.06,123.27,2012-02-06,03:49:17,40, ,Mw,6.7,NEGROS- CEBU REG, PHILIPPINES,2012-02-06 09:41,254200
12.04,125.81,2012-02-04,13:09:23,10,f,Mw,5.7,SAMAR, PHILIPPINES,2012-02-04 22:58,253950
11.19,125.92,2012-01-17,12:55:36,30, ,Mw,5.7,SAMAR, PHILIPPINES,2012-01-17 14:31,251329
11.5,124.48,2011-12-06,19:31:46,30, ,mb,4.8,LEYTE, PHILIPPINES,2011-12-07 09:08,247150
7.87,125.13,2011-11-07,09:43:17,60, ,mb,5,MINDANAO, PHILIPPINES,2011-11-07 12:00,243420
8.75,126.2,2011-10-06,23:47:03,33, ,mb,4.8,MINDANAO, PHILIPPINES,2011-10-07 07:09,238277
14.99,120.15,2011-07-25,17:15:44,60, ,Mw,6,LUZON, PHILIPPINES,2011-07-25 18:11,230179
9.6,122.26,2011-07-11,20:47:04,20, ,Mw,6.4,NEGROS, PHILIPPINES,2011-07-12 06:47,228735
13.66,120.82,2011-05-22,16:42:24,143, ,mb,5.7,MINDORO, PHILIPPINES,2011-05-22 17:26,222589
12.89,122.98,2010-11-05,14:04:35,60,,mb,4.8,SIBUYAN SEA, PHILIPPINES,2010-11-05 15:51,197375
12.78,123.08,2010-11-03,22:24:50,45,,mb,5.1,MASBATE REGION, PHILIPPINES ,2010-11-04 06:58,196925
11.36,125.78,2010-07-19,21:46:26,80,,mb,4.8,SAMAR, PHILIPPINES,2010-07-20 06:30,179173
9.16,125.59,2010-05-13,02:11:13,60,,mb,4.8,MINDANAO, PHILIPPINES ,2010-05-13 09:23,168271
6.22,125.7,2008-05-16,12:57:43,101, ,M ,4.8,MINDANAO, PHILIPPINES                   ,2008-05-16 14:33,86487
6.24,126.97,2008-03-20,14:10:43,70, ,Mw,6,MINDANAO, PHILIPPINES                   ,2008-03-20 15:23,81436
6.85,125.51,2008-03-13,11:03:22,50, ,mb,4.8,MINDANAO, PHILIPPINES                   ,2008-03-13 11:58,80872
