Date,Time_UTC,Latitude,Longitude,Depth,Depth Type,Magnitude Type,Magnitude,Region Name,Last Update,Eqid,,
2020-05-28,05:17:31,16.63,120.43,94, ,Mw,5.1,LUZON, PHILIPPINES,2020-05-28 05:54,862397,
2020-05-27,14:15:01,10.11,126.13,9, , M,3.8,PHILIPPINE ISLANDS REGION,2020-05-27 14:30,862203,,
2020-05-23,02:10:27,15.55,121.72,52, ,mb,5.1,LUZON, PHILIPPINES,2020-05-23 14:41,860640,
2020-05-20,13:56:43,6.62,125.59,170, ,mb,4.9,MINDANAO, PHILIPPINES,2020-05-20 15:15,859656,
2020-05-20,12:45:07,5.27,126.11,93,f,Mw,5,MINDANAO, PHILIPPINES,2020-05-20 13:21,859625,
2020-05-19,19:38:11,5.52,124.96,51, ,mb,4.8,MINDANAO, PHILIPPINES,2020-05-20 06:50,859349,
2020-05-19,11:08:17,10.69,125.02,1, , M,3.5,LEYTE, PHILIPPINES,2020-05-19 11:20,859216,
2020-05-16,20:32:04,6.75,125.06,14, , M,3.9,MINDANAO, PHILIPPINES,2020-05-16 20:45,858066,
2020-05-15,07:02:35,13.59,123.22,15, , M,3.6,LUZON, PHILIPPINES,2020-05-15 07:17,857217,
2020-05-12,07:46:40,15.38,119.9,48, , M,4.2,LUZON, PHILIPPINES,2020-05-12 07:55,856240,
2020-05-09,19:56:48,12.78,123.38,5, , M,4.2,MASBATE REGION, PHILIPPINES,2020-05-09 20:20,855467,
2020-05-09,19:18:12,14.04,120.55,100, ,Mw,5.3,LUZON, PHILIPPINES,2020-05-10 07:19,855457,
2020-05-04,14:12:40,11.11,122,10, ,mb,4.7,PANAY, PHILIPPINES,2020-05-04 19:19,853950,
2020-04-22,03:19:57,13.81,121.1,10,f,mb,4.5,MINDORO, PHILIPPINES,2020-04-28 23:17,850323,
2020-04-22,02:36:19,13.76,120.92,10, , M,4.2,MINDORO, PHILIPPINES,2020-04-22 03:50,850325,
2020-04-21,21:43:05,10.45,125.2,10,f,mb,4.7,LEYTE, PHILIPPINES,2020-04-21 22:55,850252,
2020-04-18,15:22:16,6.69,125.23,32, , M,3.6,MINDANAO, PHILIPPINES,2020-04-18 15:35,849329,
2020-04-10,18:45:49,5.65,126.54,80, ,Mw,5.2,MINDANAO, PHILIPPINES,2020-04-11 06:41,846838,
2020-04-10,16:44:56,20.45,122.12,166, ,Mw,5.9,BATAN ISL REGION, PHILIPPINES,2020-04-11 06:38,846810,
2020-04-07,12:30:36,9.22,124.01,18, , M,4.4,BOHOL, PHILIPPINES,2020-04-07 12:45,845855,
2020-03-26,15:38:02,5.76,125.14,50,f,Mw,6.1,MINDANAO, PHILIPPINES,2020-03-26 16:34,842102,
2020-03-22,16:34:50,6.7,125.18,12, , M,4,MINDANAO, PHILIPPINES,2020-03-22 16:51,840861,
2020-03-19,06:49:48,14.94,120.17,65, ,mb,4.6,LUZON, PHILIPPINES,2020-03-19 07:55,839763,
2020-03-19,06:33:00,15,119.79,25, , M,4.6,LUZON, PHILIPPINES,2020-03-19 07:01,839767,
2020-03-18,13:20:13,15.94,120.15,8, , M,3.9,LUZON, PHILIPPINES,2020-03-19 12:21,839487,
2020-03-14,00:13:50,16.17,120.08,80, ,mb,4.4,LUZON, PHILIPPINES,2020-03-20 07:52,838239,
2020-03-13,18:37:34,6.73,125.01,15, , M,3.9,MINDANAO, PHILIPPINES,2020-03-13 18:52,838178,
2020-03-03,14:55:38,7.72,121.98,40, ,Mw,5,MINDANAO, PHILIPPINES,2020-03-03 15:51,835282,
2020-03-03,06:51:14,11.49,124.42,100, ,mb,4.2,LEYTE, PHILIPPINES,2020-03-03 07:51,835160,
2020-03-01,21:19:24,11.33,124.64,40, ,mb,5.2,LEYTE, PHILIPPINES,2020-03-01 22:04,834779,
2020-02-27,01:03:20,6.85,124.99,10,f,mb,4.6,MINDANAO, PHILIPPINES,2020-02-27 07:50,833622,
2020-02-25,13:13:09,6.05,124.03,541, ,mb,4.4,MINDANAO, PHILIPPINES,2020-02-25 15:47,833199,
2020-02-20,23:59:15,6.96,126.15,39, ,mb,4.3,MINDANAO, PHILIPPINES,2020-02-28 03:26,831832,
2020-02-20,09:54:06,5.65,125.61,200, ,Mw,5.4,MINDANAO, PHILIPPINES,2020-02-20 14:19,831699,
2020-02-14,12:28:48,14.33,121.38,7, , M,3.7,LUZON, PHILIPPINES,2020-02-14 13:21,829892,
2020-02-06,13:40:05,5.49,126.57,10,f,Mw,6,MINDANAO, PHILIPPINES,2020-02-06 13:53,827418,
2020-02-05,18:23:52,6.61,125.26,17, , M,3.7,MINDANAO, PHILIPPINES,2020-02-05 18:35,827175,
2020-02-03,17:51:55,6.32,125.37,4, , M,4,MINDANAO, PHILIPPINES,2020-02-03 18:05,826479,
2020-01-31,11:18:49,6.65,125.42,40, ,mb,5.2,MINDANAO, PHILIPPINES,2020-01-31 13:03,825307,
2020-01-23,00:54:37,5.79,125.3,11, , M,3.6,MINDANAO, PHILIPPINES,2020-01-23 01:05,821966,
2020-01-19,12:59:03,13.74,120.9,12, , M,4.2,MINDORO, PHILIPPINES,2020-01-19 13:10,820873,
2020-01-17,11:03:23,5.73,126.16,111, ,mb,4.8,MINDANAO, PHILIPPINES,2020-01-17 15:37,820199,
2020-01-17,04:28:05,5.99,126,164, ,mb,4.7,MINDANAO, PHILIPPINES,2020-01-17 08:04,820121,
2020-01-15,11:12:22,6.42,123.97,27, , M,3.5,MORO GULF, MINDANAO, PHILIPPINES,2020-01-15 11:25,819532
2020-01-15,04:19:27,14.01,120.91,10, , M,3.6,LUZON, PHILIPPINES,2020-01-15 04:45,819452,
2020-01-13,18:05:52,14.12,121.09,6, , M,3.9,LUZON, PHILIPPINES,2020-01-13 18:20,819107,
2020-01-13,15:39:33,13.93,121.26,10,f,Mw,4.4,MINDORO, PHILIPPINES,2020-01-14 11:44,819082,
2020-01-13,11:48:54,14,120.88,5, , M,3.7,LUZON, PHILIPPINES,2020-01-13 12:00,819029,
2020-01-13,07:41:41,13.97,120.92,5, , M,3.6,MINDORO, PHILIPPINES,2020-01-13 07:50,818981,
2020-01-13,04:07:35,13.95,120.84,6, , M,4.1,MINDORO, PHILIPPINES,2020-01-13 04:26,818953,
2020-01-13,03:37:49,13.96,120.89,7, , M,3.7,MINDORO, PHILIPPINES,2020-01-13 03:50,818950,
2020-01-13,01:07:42,14.03,120.92,7, , M,4,LUZON, PHILIPPINES,2020-01-13 01:40,818920,
2020-01-12,22:13:34,14.03,120.87,12, , M,3.5,LUZON, PHILIPPINES,2020-01-12 22:30,818887,
2020-01-12,20:55:46,14.09,121.36,32, ,mb,4.6,LUZON, PHILIPPINES,2020-01-13 07:53,818868,
2020-01-12,20:08:39,13.99,120.89,6, , M,4.1,MINDORO, PHILIPPINES,2020-01-12 21:03,818867,
2020-01-12,19:11:48,13.98,120.88,10, , M,4.1,MINDORO, PHILIPPINES,2020-01-12 19:30,818857,
2020-01-12,16:15:29,14.01,121.01,21, , M,3.6,LUZON, PHILIPPINES,2020-01-12 16:30,818834,
2020-01-12,15:51:43,13.96,120.95,7, , M,3.8,MINDORO, PHILIPPINES,2020-01-12 16:05,818829,
2020-01-12,15:24:52,14.07,120.88,1, , M,3.6,LUZON, PHILIPPINES,2020-01-12 15:35,818825,
2020-01-12,14:43:44,13.98,120.93,4, , M,3.9,MINDORO, PHILIPPINES,2020-01-12 14:55,818821,
2020-01-12,11:03:48,14.16,120.97,7, , M,3.9,LUZON, PHILIPPINES,2020-01-12 11:25,818781,
2020-01-12,10:53:45,9.51,126.18,38, ,mb,5.1,MINDANAO, PHILIPPINES,2020-01-12 18:53,818780,
2020-01-12,10:22:37,13.96,120.91,2, , M,3.9,MINDORO, PHILIPPINES,2020-01-12 10:50,818776,
2020-01-09,14:16:41,15.04,119.83,25, , M,4,LUZON, PHILIPPINES,2020-01-10 04:00,818245,
2020-01-07,18:55:11,15.4,120.66,26, , M,3.8,LUZON, PHILIPPINES,2020-01-07 19:17,817566,
2020-01-06,20:46:23,15.76,119.09,4, , M,3.5,LUZON, PHILIPPINES,2020-01-06 21:00,817321,
2020-01-06,07:25:36,5.19,125.47,60, ,mb,5.2,MINDANAO, PHILIPPINES,2020-01-06 07:52,817221,
2020-01-06,02:58:29,6.14,126.2,87, ,mb,4.6,MINDANAO, PHILIPPINES,2020-01-06 07:51,817187,
2020-01-05,18:58:52,6.14,126.2,80, ,Mw,5.1,MINDANAO, PHILIPPINES,2020-01-06 07:39,817105,
2020-01-05,11:03:57,12.29,124.44,23, , M,4.3,SAMAR, PHILIPPINES,2020-01-05 11:21,817047,
2020-01-04,12:40:06,6.39,125.27,27, , M,3.5,MINDANAO, PHILIPPINES,2020-01-04 12:56,816865,
2020-01-01,08:03:34,6.53,125.27,2, , M,3.6,MINDANAO, PHILIPPINES,2020-01-02 07:00,816317,
2019-12-30,11:22:28,6.7,125.17,15, , M,3.8,MINDANAO, PHILIPPINES,2019-12-30 11:40,815626,
2019-12-26,12:19:51,11.2,122.71,40, ,mb,5,PANAY, PHILIPPINES,2019-12-26 23:30,814821,
2019-12-26,08:08:28,7.65,124.73,15, , M,4.4,MINDANAO, PHILIPPINES,2019-12-26 18:59,814784,
2019-12-22,07:39:37,6.63,125.15,10, ,mb,4.9,MINDANAO, PHILIPPINES,2019-12-22 12:42,813909,
2019-12-22,03:23:15,6.78,125.29,30, ,mb,4.8,MINDANAO, PHILIPPINES,2019-12-22 12:45,813874,
2019-12-21,21:26:53,6.62,125.36,30, ,mb,5,MINDANAO, PHILIPPINES,2019-12-22 12:59,813815,
2019-12-21,10:44:00,6.63,125.24,1, , M,4.4,MINDANAO, PHILIPPINES,2019-12-21 11:02,813715,
2019-12-20,16:59:57,6.54,124.97,44, , M,3.6,MINDANAO, PHILIPPINES,2019-12-20 17:10,813574,
2019-12-20,16:55:48,6.67,125.25,15, ,mb,4.8,MINDANAO, PHILIPPINES,2019-12-21 10:03,813571,
2019-12-19,15:04:04,6.72,125.09,10, , M,3.5,MINDANAO, PHILIPPINES,2019-12-19 15:25,813346,
2019-12-19,10:11:51,6.69,125.27,10,f,mb,4.7,MINDANAO, PHILIPPINES,2019-12-19 11:09,813282,
2019-12-18,14:18:29,6.62,125.21,7, , M,3.8,MINDANAO, PHILIPPINES,2019-12-18 14:35,813090,
2019-12-18,00:45:07,6.65,125.21,5, , M,3.5,MINDANAO, PHILIPPINES,2019-12-18 18:51,813137,
2019-12-18,00:22:32,6.67,125.27,10,f,mb,5,MINDANAO, PHILIPPINES,2019-12-19 15:23,812936,
2019-12-17,20:18:05,6.53,125.48,10,f,Mw,5.4,MINDANAO, PHILIPPINES,2019-12-18 07:56,812884,
2019-12-17,19:16:14,6.64,125.19,24, , M,3.6,MINDANAO, PHILIPPINES,2019-12-17 19:35,812874,
2019-12-17,06:07:17,6.6,125.19,10,f,mb,4.9,MINDANAO, PHILIPPINES,2019-12-17 07:55,812701,
2019-12-17,06:00:54,6.55,125.28,22, , M,3.6,MINDANAO, PHILIPPINES,2019-12-17 06:25,812704,
2019-12-16,22:47:50,5.23,126.65,97, , M,4.4,MINDANAO, PHILIPPINES,2019-12-16 23:00,812634,
2019-12-16,16:21:53,6.55,125.32,10, ,Mw,4.9,MINDANAO, PHILIPPINES,2019-12-17 07:47,812577,
2019-12-16,12:34:02,6.71,125.14,10,f,mb,4.6,MINDANAO, PHILIPPINES,2019-12-16 13:01,812531,
2019-12-16,10:37:13,6.65,125.2,6, , M,4.4,MINDANAO, PHILIPPINES,2019-12-16 10:55,812508,
2019-12-16,08:53:31,6.64,125.45,30, ,Mw,5,MINDANAO, PHILIPPINES,2019-12-16 09:22,812482,
2019-12-16,06:45:55,6.61,125.35,13, , M,3.8,MINDANAO, PHILIPPINES,2019-12-16 07:07,812455,
2019-12-15,19:02:03,6.69,125.35,10,f,mb,4.8,MINDANAO, PHILIPPINES,2019-12-16 08:14,812338,
2019-12-15,12:38:53,6.61,125.35,10,f,mb,5.3,MINDANAO, PHILIPPINES,2019-12-16 08:10,812256,
2019-12-15,11:15:35,6.62,125.16,10,f,mb,4.7,MINDANAO, PHILIPPINES,2019-12-16 08:02,812245,
2019-12-15,07:53:45,6.63,125.33,30, ,mb,5.1,MINDANAO, PHILIPPINES,2019-12-15 09:56,812212,
2019-12-15,07:49:54,6.74,125.19,15, ,mb,4.9,MINDANAO, PHILIPPINES,2019-12-15 09:52,812210,
2019-12-15,07:33:54,6.62,125.32,10,f,mb,4.7,MINDANAO, PHILIPPINES,2019-12-16 07:58,812208,
2019-12-15,07:09:21,6.55,125.4,10, ,mb,5.7,MINDANAO, PHILIPPINES,2019-12-15 09:32,812204,
2019-12-15,06:34:57,6.77,125.27,17, ,mb,4.9,MINDANAO, PHILIPPINES,2019-12-15 07:43,812207,
2019-12-15,06:32:24,6.65,125.26,8, ,mb,5,MINDANAO, PHILIPPINES,2019-12-15 09:55,812198,
2019-12-15,06:11:52,6.73,125.15,20,f,Mw,6.8,MINDANAO, PHILIPPINES,2019-12-16 16:05,812196,
2019-12-14,06:39:45,6.45,126.28,89, ,mb,4.8,MINDANAO, PHILIPPINES,2019-12-14 09:29,812026,
2019-12-05,12:24:46,5.35,126.78,73, ,Mw,5.5,MINDANAO, PHILIPPINES,2019-12-05 12:49,810073,
2019-11-25,12:43:34,6.82,125.24,11, , M,3.5,MINDANAO, PHILIPPINES,2019-11-25 12:57,807632,
2019-11-20,22:31:35,6.75,125,10,f,mb,4.6,MINDANAO, PHILIPPINES,2019-11-20 22:55,806670,
2019-11-19,07:00:58,6.97,125.97,32, , M,4.2,MINDANAO, PHILIPPINES,2019-11-19 07:20,806317,
2019-11-19,00:39:10,8.07,127.16,1, , M,4,PHILIPPINE ISLANDS REGION,2019-11-19 00:56,806274,,
2019-11-18,13:22:11,7.65,125.04,20, ,Mw,5.9,MINDANAO, PHILIPPINES,2019-11-18 13:39,806189,
2019-11-17,17:21:17,9.31,123.19,4, , M,3.8,NEGROS- CEBU REG, PHILIPPINES,2019-11-17 17:35,806040,
2019-11-17,02:30:50,6.45,124.69,11, , M,3.5,MINDANAO, PHILIPPINES,2019-11-17 02:45,805896,
2019-11-16,22:15:56,6.92,125.02,14, , M,3.8,MINDANAO, PHILIPPINES,2019-11-16 22:40,805853,
2019-11-16,05:43:16,7.64,124.9,3, , M,3.8,MINDANAO, PHILIPPINES,2019-11-16 05:55,805705,
2019-11-16,01:36:36,7.39,124.84,10, ,mb,4.6,MINDANAO, PHILIPPINES,2019-11-16 16:45,805648,
2019-11-13,14:28:05,16.31,121.78,85, ,mb,4.9,LUZON, PHILIPPINES,2019-11-13 15:54,805069,
2019-11-12,10:28:56,14.94,122.55,1, , M,3.5,LUZON, PHILIPPINES,2019-11-12 10:40,804817,
2019-11-10,01:02:26,7.09,125.27,24, , M,3.5,MINDANAO, PHILIPPINES,2019-11-10 01:10,804364,
2019-11-10,00:31:35,7.01,125.37,1, , M,3.5,MINDANAO, PHILIPPINES,2019-11-10 00:52,804363,
2019-11-09,17:21:14,5.54,126.68,9, , M,3.7,MINDANAO, PHILIPPINES,2019-11-09 17:35,804310,
2019-11-08,05:38:32,6.7,125.05,15, , M,4.1,MINDANAO, PHILIPPINES,2019-11-08 06:00,803948,
2019-11-08,05:31:42,10.81,125.8,33, ,Mw,5.2,LEYTE, PHILIPPINES,2019-11-08 07:56,803944,
2019-11-07,22:41:28,5.64,126.29,106, ,Mw,5,MINDANAO, PHILIPPINES,2019-11-08 07:48,803861,
2019-11-06,20:52:55,14.89,122.72,10,f,Mw,5.6,LUZON, PHILIPPINES,2019-11-07 07:47,803622,
2019-11-06,17:00:10,7.02,125.22,22, , M,3.8,MINDANAO, PHILIPPINES,2019-11-07 08:37,803717,
2019-11-06,15:30:51,7.01,125.33,4, , M,3.4,MINDANAO, PHILIPPINES,2019-11-07 08:37,803719,
2019-11-05,09:18:56,6.68,125.1,23, , M,3.6,MINDANAO, PHILIPPINES,2019-11-07 08:37,803263,
2019-11-04,14:50:05,14.56,119.94,30, ,mb,4.9,LUZON, PHILIPPINES,2019-11-04 15:21,803070,
2019-11-03,11:35:18,6.87,125.08,3, , M,4,MINDANAO, PHILIPPINES,2019-11-03 11:45,802829,
2019-11-01,18:38:36,6.88,125.07,10,f,mb,4.9,MINDANAO, PHILIPPINES,2019-11-02 23:41,802519,
2019-11-01,08:18:44,7.17,125.4,15, , M,4,MINDANAO, PHILIPPINES,2019-11-01 08:35,802431,
2019-11-01,06:07:56,6.78,125.1,10, ,mb,4.9,MINDANAO, PHILIPPINES,2019-11-01 07:51,802408,
2019-10-31,23:18:20,6.75,125.14,10, ,mb,4.7,MINDANAO, PHILIPPINES,2019-11-01 07:40,802354,
2019-10-31,17:35:29,6.79,125.1,10,f,mb,4.9,MINDANAO, PHILIPPINES,2019-11-01 07:34,802307,
2019-10-31,16:59:32,6.71,125.37,10, , M,4.4,MINDANAO, PHILIPPINES,2019-10-31 17:06,802301,
2019-10-31,12:42:17,6.86,124.8,66, , M,4.4,MINDANAO, PHILIPPINES,2019-10-31 13:25,802249,
2019-10-31,11:56:02,5.82,126.25,145, , M,4,MINDANAO, PHILIPPINES,2019-10-31 12:15,802245,
2019-10-31,10:41:18,7.06,125.43,10,f,mb,4.5,MINDANAO, PHILIPPINES,2019-10-31 12:15,802232,
2019-10-31,08:56:40,6.73,125.19,10,f,mb,4.8,MINDANAO, PHILIPPINES,2019-10-31 10:49,802215,
2019-10-31,05:59:05,6.9,125.03,25, , M,4.2,MINDANAO, PHILIPPINES,2019-10-31 06:13,802190,
2019-10-31,05:34:22,6.81,125.17,10,f,mb,4.6,MINDANAO, PHILIPPINES,2019-10-31 07:42,802187,
2019-10-31,05:12:56,6.78,125.43,10, , M,4.4,MINDANAO, PHILIPPINES,2019-10-31 05:25,802184,
2019-10-31,01:11:18,6.96,125.22,10,f,Mw,6.5,MINDANAO, PHILIPPINES,2019-10-31 01:35,802155,
2019-10-30,20:35:49,6.96,125.05,1, , M,4.4,MINDANAO, PHILIPPINES,2019-10-30 20:50,802124,
2019-10-30,18:23:46,6.82,125.13,10,f,mb,4.7,MINDANAO, PHILIPPINES,2019-10-31 07:37,802102,
2019-10-30,16:35:24,6.71,124.96,10,f,mb,4.4,MINDANAO, PHILIPPINES,2019-11-08 05:42,802088,
2019-10-30,11:52:11,7,125.01,3, , M,4.1,MINDANAO, PHILIPPINES,2019-10-30 12:05,802024,
2019-10-30,08:00:14,6.72,125.09,10,f,mb,4.8,MINDANAO, PHILIPPINES,2019-10-30 09:00,802005,
2019-10-30,01:38:00,6.86,125.14,10,f,mb,4.9,MINDANAO, PHILIPPINES,2019-10-30 07:41,801945,
2019-10-30,00:37:01,6.87,125.17,10,f,mb,4.8,MINDANAO, PHILIPPINES,2019-10-30 07:40,801940,
2019-10-29,22:21:33,6.74,125.04,16, ,mb,4.6,MINDANAO, PHILIPPINES,2019-11-08 04:58,801927,
2019-10-29,21:22:07,6.83,125.14,10,f,mb,4.9,MINDANAO, PHILIPPINES,2019-10-30 07:37,801915,
2019-10-29,17:47:50,6.92,125.03,10,f,mb,4.8,MINDANAO, PHILIPPINES,2019-10-30 07:33,801884,
2019-10-29,17:35:24,6.84,124.91,10, , M,4.1,MINDANAO, PHILIPPINES,2019-10-29 17:55,801883,
2019-10-29,15:13:14,6.68,125.08,10,f,mb,4.5,MINDANAO, PHILIPPINES,2019-11-06 20:58,801869,
2019-10-29,08:46:02,6.79,125.18,10,f,mb,5.2,MINDANAO, PHILIPPINES,2019-10-29 10:51,801786,
2019-10-29,08:33:11,6.9,125.01,10,f,Mw,5.3,MINDANAO, PHILIPPINES,2019-10-29 09:06,801783,
2019-10-29,04:15:42,5.11,126.6,78, , M,4,MINDANAO, PHILIPPINES,2019-10-29 04:41,801747,
2019-10-29,03:22:22,6.74,124.9,17, , M,4.4,MINDANAO, PHILIPPINES,2019-10-29 04:00,801741,
2019-10-29,02:52:36,6.84,124.92,19, , M,4.3,MINDANAO, PHILIPPINES,2019-10-29 03:40,801738,
2019-10-29,02:42:37,6.89,125.08,10,f,Mw,5.8,MINDANAO, PHILIPPINES,2019-10-29 07:52,801733,
2019-10-29,02:22:35,6.83,125.14,10,f,mb,5,MINDANAO, PHILIPPINES,2019-10-29 07:50,801726,
2019-10-29,02:20:33,6.74,125.23,10, ,mb,5,MINDANAO, PHILIPPINES,2019-10-29 07:49,801724,
2019-10-29,01:28:05,6.89,125.02,10, ,mb,5.1,MINDANAO, PHILIPPINES,2019-10-29 07:47,801700,
2019-10-29,01:04:44,6.83,125.12,20,f,Mw,6.6,MINDANAO, PHILIPPINES,2019-10-29 01:28,801696,
2019-10-23,21:53:04,7.02,124.7,10, , M,4.2,MINDANAO, PHILIPPINES,2019-10-23 22:15,800658,
2019-10-23,10:22:18,6.76,125.03,10,f,mb,4.4,MINDANAO, PHILIPPINES,2019-10-23 12:34,800562,
2019-10-22,18:45:55,6.73,125.08,30, ,mb,4.5,MINDANAO, PHILIPPINES,2019-10-23 06:45,800415,
2019-10-21,13:53:05,6.73,124.97,10,f,mb,4.5,MINDANAO, PHILIPPINES,2019-10-30 16:58,800195,
2019-10-20,18:32:48,6.59,125.21,10,f,mb,4.5,MINDANAO, PHILIPPINES,2019-10-21 06:41,800012,
2019-10-20,12:20:40,6.68,125.26,10,f,mb,4.7,MINDANAO, PHILIPPINES,2019-10-21 06:38,799964,
2019-10-20,11:59:43,6.71,125.27,10,f,mb,5.1,MINDANAO, PHILIPPINES,2019-10-20 13:39,799962,
2019-10-20,11:50:35,6.73,125.25,10,f,mb,5,MINDANAO, PHILIPPINES,2019-10-20 13:40,799960,
2019-10-20,08:55:32,6.65,125.03,10, ,mb,5.2,MINDANAO, PHILIPPINES,2019-10-20 13:43,799934,
2019-10-19,11:44:29,6.7,125.15,10, ,mb,5,MINDANAO, PHILIPPINES,2019-10-20 14:16,799760,
2019-10-18,22:52:18,6.78,125.12,30, ,mb,5,MINDANAO, PHILIPPINES,2019-10-20 14:36,799666,
2019-10-18,10:56:20,6.82,125,10,f,mb,4.9,MINDANAO, PHILIPPINES,2019-10-18 12:10,799567,
2019-10-17,15:05:52,6.87,125.01,10,f,mb,4.9,MINDANAO, PHILIPPINES,2019-10-17 15:33,799410,
2019-10-17,01:28:56,5.24,126.19,88, ,Mw,5,MINDANAO, PHILIPPINES,2019-10-17 06:58,799305,
2019-10-16,20:53:53,7.32,126.59,126, ,Mw,5.1,MINDANAO, PHILIPPINES,2019-10-17 06:56,799265,
2019-10-16,12:21:00,6.65,125.23,10, ,mb,4.9,MINDANAO, PHILIPPINES,2019-10-16 14:51,799201,
2019-10-16,12:09:30,6.81,125.06,10,f,Mw,5.3,MINDANAO, PHILIPPINES,2019-10-16 14:50,799198,
2019-10-16,11:37:05,6.8,125.02,10,f,Mw,6.4,MINDANAO, PHILIPPINES,2019-10-16 11:58,799196,
2019-10-14,23:55:54,6.84,124.9,10,f,mb,4.7,MINDANAO, PHILIPPINES,2019-10-15 06:53,798932,
2019-10-11,01:55:06,6.69,124.99,10, ,mb,5.1,MINDANAO, PHILIPPINES,2019-10-11 06:51,798198,
2019-09-29,07:40:18,5.66,126.48,90, ,Mw,5.2,MINDANAO, PHILIPPINES,2019-09-29 16:49,795661,
2019-09-29,03:12:12,5.47,126.6,72, , M,4.5,MINDANAO, PHILIPPINES,2019-09-29 03:25,795610,
2019-09-29,02:02:52,5.72,126.58,89, ,Mw,6.2,MINDANAO, PHILIPPINES,2019-09-29 02:31,795599,
2019-09-13,09:18:21,14.94,122.16,30, ,mb,4.7,LUZON, PHILIPPINES,2019-09-13 10:02,792036,
2019-09-13,08:28:15,14.98,122.21,32,f,Mw,5.2,LUZON, PHILIPPINES,2019-09-13 08:56,792027,
2019-09-10,18:46:09,6.18,125.5,54, ,mb,4.6,MINDANAO, PHILIPPINES,2019-09-13 18:40,791538,
2019-09-10,05:39:23,6.74,126.42,50,f,Mw,5.6,MINDANAO, PHILIPPINES,2019-09-10 07:08,791421,
2019-09-08,13:49:17,6.14,125.51,45, ,mb,5,MINDANAO, PHILIPPINES,2019-09-08 17:24,791122,
2019-09-06,10:32:58,13.87,120.65,132, ,mb,4.9,MINDORO, PHILIPPINES,2019-09-06 11:13,790740,
2019-08-31,13:02:21,7.52,126.74,71, ,Mw,5,MINDANAO, PHILIPPINES,2019-08-31 19:17,789555,
2019-08-02,16:10:09,6.22,126.14,148, ,Mw,5.4,MINDANAO, PHILIPPINES,2019-08-03 06:33,783750,
2019-07-27,01:24:43,20.77,122.09,2, ,Mw,5.7,BATAN ISL REGION, PHILIPPINES,2019-07-27 06:45,782218,
2019-07-23,09:38:31,9.27,125.94,60, ,mb,4.8,MINDANAO, PHILIPPINES,2019-07-23 11:44,781471,
2019-07-15,04:26:30,7.05,125.02,10, , M,5,MINDANAO, PHILIPPINES,2019-07-15 04:35,779512,
2019-07-12,20:42:54,9.32,126.08,7, ,Mw,5.8,MINDANAO, PHILIPPINES,2019-07-14 17:52,778802,
2019-07-10,00:56:36,6.87,125.09,20, ,mb,5.1,MINDANAO, PHILIPPINES,2019-07-10 06:48,777863,
2019-07-09,15:31:46,6.85,125.14,10,f,mb,4.9,MINDANAO, PHILIPPINES,2019-07-10 06:37,777700,
2019-07-09,14:12:57,6.88,125.08,10,f,mb,4.9,MINDANAO, PHILIPPINES,2019-07-09 14:44,777680,
2019-07-09,12:36:59,6.83,125.13,10,f,Mw,5.6,MINDANAO, PHILIPPINES,2019-07-09 12:58,777644,
2019-06-29,19:00:07,9.72,125.12,51, ,Mw,5,MINDANAO, PHILIPPINES,2019-06-30 12:11,774147,
2019-06-08,13:23:34,9.76,126.49,10,f,mb,4.9,MINDANAO, PHILIPPINES,2019-06-08 15:52,770252,
2019-06-01,09:45:28,6.24,126.61,86, ,Mw,5.3,MINDANAO, PHILIPPINES,2019-06-01 16:15,768939,
2019-05-31,10:12:31,6.3,126.48,91, ,Mw,6.1,MINDANAO, PHILIPPINES,2019-05-31 18:42,768739,
2019-05-20,19:12:06,9.19,126.28,10,f,mb,4.6,MINDANAO, PHILIPPINES,2019-05-21 06:46,766710,
2019-05-08,03:01:07,11.73,125.6,75,f,mb,4.6,SAMAR, PHILIPPINES,2019-05-08 06:09,764292,
2019-05-06,02:48:43,18.6,121.11,51, ,Mw,5.5,LUZON, PHILIPPINES,2019-05-06 07:43,763852,
2019-05-04,01:05:09,12.43,120.99,10,f,Mw,5.7,MINDORO, PHILIPPINES,2019-05-05 08:19,763445,
2019-04-27,11:11:23,9.94,126.42,40, ,mb,4.9,MINDANAO, PHILIPPINES,2019-04-27 14:27,761815,
2019-04-26,10:54:54,9.79,126.67,40, ,mb,5,MINDANAO, PHILIPPINES,2019-04-26 12:05,761563,
2019-04-26,08:04:30,9.82,126.55,69, ,Mw,5.3,MINDANAO, PHILIPPINES,2019-04-26 12:02,761532,
2019-04-26,06:04:27,9.8,126.48,69, ,mb,5,MINDANAO, PHILIPPINES,2019-04-26 06:56,761515,
2019-04-26,05:27:08,9.76,126.57,80, ,mb,5.2,MINDANAO, PHILIPPINES,2019-04-26 15:25,761507,
2019-04-25,19:00:16,18.22,120.68,44, ,mb,4.6,LUZON, PHILIPPINES,2019-04-26 07:08,761429,
2019-04-23,18:03:01,14.92,120.58,61,f,mb,4.7,LUZON, PHILIPPINES,2019-04-24 08:15,760993,
2019-04-23,06:41:12,11.75,125.16,56, ,mb,4.8,SAMAR, PHILIPPINES,2019-04-23 12:19,760881,
2019-04-23,05:37:53,11.8,125.17,66, ,Mw,6.4,SAMAR, PHILIPPINES,2019-04-23 06:00,760848,
2019-04-22,09:11:11,14.91,120.51,20,f,Mw,6.1,LUZON, PHILIPPINES,2019-04-22 17:19,760623,
2019-04-22,03:59:57,9.69,126.48,30,f,mb,4.7,MINDANAO, PHILIPPINES,2019-04-22 17:10,760576,
2019-04-01,02:16:55,10.62,125.9,80, ,Mw,5.5,LEYTE, PHILIPPINES,2019-04-01 07:03,755107,
2019-03-25,02:53:02,9.95,123.92,10, ,mb,4.6,NEGROS- CEBU REG, PHILIPPINES,2019-03-25 16:37,753393,
2019-03-16,09:58:20,13.64,120.87,130, ,Mw,5.4,MINDORO, PHILIPPINES,2019-03-16 19:37,751260,
2019-03-15,23:07:56,6.26,125.43,92, ,Mw,5.5,MINDANAO, PHILIPPINES,2019-03-16 08:36,751135,
2019-03-14,23:02:49,9.57,126.13,60, ,mb,4.6,MINDANAO, PHILIPPINES,2019-03-15 07:49,750878,
2019-03-08,15:06:14,10.43,126.04,40, ,Mw,6,PHILIPPINE ISLANDS REGION,2019-03-08 15:34,749496,,
2019-03-08,14:48:28,7.14,125.01,29, ,mb,4.5,MINDANAO, PHILIPPINES,2019-03-10 21:33,749491,
2019-03-06,00:13:01,8.56,126.96,20,f,Mw,5.9,MINDANAO, PHILIPPINES,2019-03-06 07:43,748887,
2019-02-23,04:14:43,14.86,120.22,79, ,mb,4.9,LUZON, PHILIPPINES,2019-02-23 07:59,746757,
2019-02-14,21:24:21,9.76,126.37,45, ,mb,4.9,MINDANAO, PHILIPPINES,2019-02-15 07:37,745024,
2019-02-14,11:57:12,9.8,126.34,50, ,mb,4.7,MINDANAO, PHILIPPINES,2019-02-14 15:29,744951,
2019-02-13,12:33:14,9.75,126.48,10,f,mb,4.9,MINDANAO, PHILIPPINES,2019-02-13 15:30,744757,
2019-02-13,06:50:06,9.75,126.5,51, ,mb,4.9,MINDANAO, PHILIPPINES,2019-02-13 07:57,744699,
2019-02-10,16:48:50,9.88,126.41,52, ,mb,4.6,MINDANAO, PHILIPPINES,2019-02-11 08:45,744206,
2019-02-10,14:33:38,9.86,126.31,60, ,Mw,5.2,MINDANAO, PHILIPPINES,2019-02-10 18:41,744186,
2019-02-09,22:21:14,9.96,126.4,10, ,mb,5.2,MINDANAO, PHILIPPINES,2019-02-09 23:32,744054,
2019-02-08,21:09:59,9.92,126.42,20,f,Mw,5,MINDANAO, PHILIPPINES,2019-02-09 09:44,743856,
2019-02-08,20:37:51,9.79,126.32,47, ,mb,4.8,MINDANAO, PHILIPPINES,2019-02-09 09:43,743852,
2019-02-08,17:02:42,9.85,126.34,40, ,mb,4.9,MINDANAO, PHILIPPINES,2019-02-09 09:39,743828,
2019-02-08,12:45:38,9.88,126.4,10,f,mb,5.1,MINDANAO, PHILIPPINES,2019-02-08 15:10,743751,
2019-02-08,12:29:23,10,126.24,10,f,mb,5,PHILIPPINE ISLANDS REGION,2019-02-08 15:09,743748,,
2019-02-08,11:55:06,9.84,126.47,12, ,Mw,5.9,MINDANAO, PHILIPPINES,2019-02-08 14:00,743744,
2019-02-06,10:25:20,15.83,120.61,136, ,Mw,5.4,LUZON, PHILIPPINES,2019-02-06 10:44,743272,
2019-02-04,12:55:39,17.07,120.76,100, ,mb,4.8,LUZON, PHILIPPINES,2019-02-04 14:29,742820,
2019-01-30,09:28:50,9.81,126.2,40, ,mb,4.8,MINDANAO, PHILIPPINES,2019-01-30 15:31,741739,
2019-01-30,03:28:01,11.52,125.81,115, ,mb,4.9,SAMAR, PHILIPPINES,2019-01-30 08:04,741704,
2019-01-27,06:24:55,11.52,125.84,30, ,mb,5.1,SAMAR, PHILIPPINES,2019-01-27 09:08,741128,
2019-01-24,08:34:54,19.21,121.22,40, ,Mw,5.5,BABUYAN ISL REGION, PHILIPPINES,2019-01-24 08:56,740491,
2019-01-15,20:03:21,5.92,126.94,71, ,Mw,5.7,MINDANAO, PHILIPPINES,2019-01-16 07:48,739170,
2019-01-12,13:20:12,18.1,120.62,60, ,mb,4.8,LUZON, PHILIPPINES,2019-01-12 18:18,738432,
2019-01-09,08:32:23,18.36,121.34,10,f,mb,4.7,LUZON, PHILIPPINES,2019-01-09 10:50,737787,
2019-01-07,03:11:56,7.85,122.01,40, ,Mw,5.5,MINDANAO, PHILIPPINES,2019-01-07 07:49,737317,
2018-12-29,09:13:01,5.82,126.95,60, ,Mw,5.3,MINDANAO, PHILIPPINES,2018-12-29 10:23,735681,
2018-12-29,03:39:10,5.96,126.76,66, ,Mw,7,MINDANAO, PHILIPPINES,2018-12-29 10:16,735637,
2018-12-24,14:44:01,9.75,123.24,60, ,mb,4.7,NEGROS- CEBU REG, PHILIPPINES,2018-12-25 11:21,734669,
2018-12-10,19:33:00,9.67,126.13,18, , M,4,MINDANAO, PHILIPPINES,2018-12-10 19:50,731668,
2018-12-06,14:13:43,6.67,125.76,176, ,mb,5.3,MINDANAO, PHILIPPINES,2018-12-06 14:28,730780,
2018-12-05,13:09:40,9.45,126.3,40, ,mb,4.6,MINDANAO, PHILIPPINES,2018-12-06 08:37,730455,
2018-11-05,02:54:07,10.73,122.4,10,f,mb,4.9,PANAY, PHILIPPINES,2018-11-05 07:56,723090,
2018-11-04,23:46:10,10.92,122.02,30,f,mb,4.7,PANAY, PHILIPPINES,2018-11-05 07:53,723055,
2018-10-27,10:39:06,18.33,120.97,30, ,mb,4.6,LUZON, PHILIPPINES,2018-10-28 10:06,720708,
2018-10-17,18:34:52,12.37,124.62,120, ,mb,5.1,SAMAR, PHILIPPINES,2018-10-18 06:41,718766,
2018-10-16,03:52:05,8.51,122.63,30,f,mb,5,MINDANAO, PHILIPPINES,2018-10-16 07:02,718411,
2018-10-07,23:04:00,8.92,126.28,19, , M,4.1,MINDANAO, PHILIPPINES,2018-10-07 23:15,716910,
2018-10-07,21:54:47,9.46,126.25,69, ,mb,4.9,MINDANAO, PHILIPPINES,2018-10-08 06:49,716905,
2018-10-04,14:50:00,15.52,121.67,7, , M,4.1,LUZON, PHILIPPINES,2018-10-04 15:10,716381,
2018-10-03,21:44:20,7.08,125.84,35,f,mb,4.5,MINDANAO, PHILIPPINES,2018-10-17 05:21,716265,
2018-09-10,11:57:03,10.77,126.27,10,f,Mw,5.2,PHILIPPINE ISLANDS REGION,2018-09-10 14:40,712098,,
2018-09-08,07:16:49,7.25,126.54,10, ,Mw,6.1,MINDANAO, PHILIPPINES,2018-09-08 12:06,711685,
2018-08-31,14:40:29,13.56,120.89,145, ,Mw,5.5,MINDORO, PHILIPPINES,2018-08-31 14:59,710267,
2018-07-10,16:24:22,9.78,125.32,60, ,Mw,5.1,MINDANAO, PHILIPPINES,2018-07-11 07:23,690826,
2018-07-10,07:54:03,9.78,125.4,80, ,mb,4.7,MINDANAO, PHILIPPINES,2018-07-10 14:10,690611,
2018-07-03,09:59:55,5.93,125.21,113, ,Mw,5.6,MINDANAO, PHILIPPINES,2018-07-03 11:48,686828,
2018-07-03,04:25:54,14,120.65,141, ,mb,5.4,LUZON, PHILIPPINES,2018-07-03 07:21,686691,
2018-06-24,09:41:54,9.27,125.65,54, ,mb,4.9,MINDANAO, PHILIPPINES,2018-06-24 15:39,681504,
2018-06-17,09:46:26,14.94,119.81,40, ,Mw,5.4,LUZON, PHILIPPINES,2018-06-17 18:34,677590,
2018-06-17,02:39:38,6.2,125.82,135, ,Mw,5.1,MINDANAO, PHILIPPINES,2018-06-17 18:26,677451,
2018-06-13,14:59:08,6.53,126.3,137, ,mb,4.9,MINDANAO, PHILIPPINES,2018-06-13 15:25,675786,
2018-06-10,19:20:03,6.47,126.38,92, ,mb,4.6,MINDANAO, PHILIPPINES,2018-06-11 06:48,674418,
2018-05-13,15:33:31,5.47,125.46,180, ,mb,5.1,MINDANAO, PHILIPPINES,2018-05-14 06:13,665995,
2018-05-11,20:56:32,6.22,125.82,139, ,Mw,5.1,MINDANAO, PHILIPPINES,2018-05-12 18:44,665522,
2018-05-10,11:56:58,10.2,125.56,30, ,mb,5.7,LEYTE, PHILIPPINES,2018-05-11 06:36,665197,
2018-05-05,06:19:04,14.47,123.92,20, ,Mw,6.1,LUZON, PHILIPPINES,2018-05-07 10:01,663778,
2018-04-05,03:53:41,6.83,126.78,69, ,Mw,5.9,MINDANAO, PHILIPPINES,2018-04-05 06:48,657933,
2018-03-15,07:20:00,8.14,124.79,10,f,mb,5,MINDANAO, PHILIPPINES,2018-03-15 07:56,654444,
2018-03-05,01:05:39,11.29,125.42,124, ,mb,4.9,SAMAR, PHILIPPINES,2018-03-05 07:43,652442,
2018-02-26,09:39:17,13.59,121.63,10,f,mb,5,MINDORO, PHILIPPINES,2018-02-26 14:35,651037,
2018-02-06,04:59:13,18.08,120.81,40,f,mb,4.8,LUZON, PHILIPPINES,2018-02-06 08:26,646193,
2018-01-28,14:51:50,12.78,119.3,35,f,mb,4.4,PHILIPPINE ISLANDS REGION,2018-02-11 19:58,647593,,
2018-01-28,02:18:12,9.01,126.58,30,f,mb,5,MINDANAO, PHILIPPINES,2018-01-28 08:41,644009,
2018-01-23,13:09:38,11.33,126.2,10,f,mb,4.4,PHILIPPINE ISLANDS REGION,2018-02-05 21:18,646080,,
2018-01-14,15:49:24,13.51,120.55,35, ,mb,5.1,MINDORO, PHILIPPINES,2018-01-14 22:13,641241,
2018-01-14,15:20:28,13.46,120.57,35,f,mb,4.9,MINDORO, PHILIPPINES,2018-01-14 22:15,641237,
2017-12-31,14:53:32,5.57,125.03,44, ,Mw,5,MINDANAO, PHILIPPINES,2017-12-31 19:28,638593,
2017-12-30,01:24:08,10.1,126.1,51, ,mb,4.9,PHILIPPINE ISLANDS REGION,2017-12-30 10:30,638324,,
2017-12-17,08:15:28,7.78,126.65,68, ,mb,4.7,MINDANAO, PHILIPPINES,2017-12-17 17:36,636234,
2017-12-09,07:39:13,10.95,124.98,54, ,mb,4.7,LEYTE, PHILIPPINES,2017-12-09 08:51,634859,
2017-12-06,02:48:24,11.22,125.73,60, ,mb,5,SAMAR, PHILIPPINES,2017-12-06 07:48,634306,
2017-12-04,16:02:50,11.74,125.84,22, ,mb,4.5,SAMAR, PHILIPPINES,2017-12-17 16:02,636277,
2017-11-30,18:57:56,7.74,124.9,10,f,mb,4.7,MINDANAO, PHILIPPINES,2017-12-01 07:47,633310,
2017-10-22,14:21:01,14.05,120.76,218, ,Mw,5.4,LUZON, PHILIPPINES,2017-10-22 20:19,625674,
2017-10-19,07:06:28,17.54,120.16,10,f,mb,4.8,LUZON, PHILIPPINES,2017-10-19 10:56,625048,
2017-09-23,20:47:08,7.7,124.85,10, ,Mw,5.7,MINDANAO, PHILIPPINES,2017-09-24 12:44,620129,
2017-09-23,13:30:33,13.68,120.84,186, ,mb,5.1,MINDORO, PHILIPPINES,2017-09-23 19:59,620076,
2017-08-22,22:26:14,11.04,124.73,10,f,mb,5,LEYTE, PHILIPPINES,2017-08-23 06:34,613455,
2017-08-11,05:28:26,13.96,120.69,189, ,Mw,6.2,MINDORO, PHILIPPINES,2017-08-11 06:47,611436,
2017-08-09,03:09:40,9.56,126.27,40, ,mb,4.8,MINDANAO, PHILIPPINES,2017-08-09 12:11,610996,
2017-08-05,07:39:20,7.95,125.21,30, ,mb,5,MINDANAO, PHILIPPINES,2017-08-05 09:24,610070,
2017-08-05,00:30:42,6.2,125.41,90, ,Mw,5.8,MINDANAO, PHILIPPINES,2017-08-05 09:23,610010,
2017-07-30,15:31:07,12.97,123.94,76, ,mb,4.4,MASBATE REGION, PHILIPPINES,2017-08-14 13:37,612102,
2017-07-10,01:41:49,11.01,124.84,10,f,Mw,5.9,LEYTE, PHILIPPINES,2017-07-10 06:50,604281,
2017-07-06,08:03:58,11.11,124.8,10, ,Mw,6.5,LEYTE, PHILIPPINES,2017-07-06 08:27,603516,
2017-06-26,07:41:28,10.41,126.15,15, ,mb,5.1,PHILIPPINE ISLANDS REGION,2017-06-26 14:08,601238,,
2017-06-09,12:58:25,5.68,125.3,34, ,mb,5.2,MINDANAO, PHILIPPINES,2017-06-09 14:53,597274,
2017-05-25,14:27:06,15.07,120.38,100, ,mb,5.4,LUZON, PHILIPPINES,2017-05-25 16:38,594284,
2017-05-24,14:08:07,9.74,124.54,40, ,mb,4.5,BOHOL, PHILIPPINES,2017-05-25 09:13,594052,
2017-05-20,05:17:29,6.49,126.98,93, ,mb,5,MINDANAO, PHILIPPINES,2017-05-20 15:13,593157,
2017-04-28,20:23:18,5.48,125.08,42,f,Mw,6.8,MINDANAO, PHILIPPINES,2017-04-28 21:23,587607,
2017-04-23,01:19:47,9.24,126.39,69, ,mb,5.2,MINDANAO, PHILIPPINES,2017-04-23 04:25,585993,
2017-04-15,20:40:54,7.83,124.78,10, ,Mw,5.1,MINDANAO, PHILIPPINES,2017-04-16 09:29,584330,
2017-04-12,20:01:05,7.73,124.9,10, ,Mw,5.5,MINDANAO, PHILIPPINES,2017-04-13 06:33,583553,
2017-04-11,21:21:01,7.72,124.87,10,f,Mw,5.8,MINDANAO, PHILIPPINES,2017-04-12 06:44,583291,
2017-04-08,17:26:42,13.65,120.81,54, ,mb,4.4,MINDORO, PHILIPPINES,2017-04-11 14:42,582597,
2017-04-08,15:22:57,13.55,120.85,40, ,mb,4.7,MINDORO, PHILIPPINES,2017-04-09 09:34,582577,
2017-04-08,08:36:39,13.68,121.06,40, ,mb,4.7,MINDORO, PHILIPPINES,2017-04-08 10:43,582507,
2017-04-08,07:29:15,13.75,121.09,60, ,mb,5,MINDORO, PHILIPPINES,2017-04-08 10:30,582491,
2017-04-08,07:09:25,13.79,120.89,24, ,Mw,5.9,MINDORO, PHILIPPINES,2017-04-08 10:28,582484,
2017-04-08,07:08:01,13.71,120.92,49, ,Mw,5.5,MINDORO, PHILIPPINES,2017-04-08 10:30,582483,
2017-04-04,16:49:03,13.78,120.99,20,f,Mw,4.9,MINDORO, PHILIPPINES,2017-04-10 11:14,581583,
2017-04-04,15:13:48,13.77,121.11,20,f,mb,5.2,MINDORO, PHILIPPINES,2017-04-10 11:13,581573,
2017-04-04,14:44:23,13.65,121.18,20,f,mb,4.8,MINDORO, PHILIPPINES,2017-04-10 11:13,581562,
2017-04-04,14:10:02,13.63,120.99,20,f,mb,4.7,MINDORO, PHILIPPINES,2017-04-10 11:12,581558,
2017-04-04,12:58:47,13.72,121.09,20,f,Mw,5.1,MINDORO, PHILIPPINES,2017-04-10 11:11,581542,
2017-03-20,19:42:04,10.46,123.85,46, ,mb,4.3,NEGROS- CEBU REG, PHILIPPINES,2017-04-04 16:49,578122,
2017-03-14,11:47:58,9.74,125.36,60, ,mb,4.6,MINDANAO, PHILIPPINES,2017-03-14 16:03,576362,
2017-03-05,00:08:20,9.85,125.54,30, ,Mw,5.7,MINDANAO, PHILIPPINES,2017-03-05 10:00,573824,
2017-02-23,11:17:38,7.24,125.58,17, ,mb,4.1,MINDANAO, PHILIPPINES,2017-02-23 22:16,571228,
2017-02-23,01:50:15,7.1,125.68,10, ,mb,4.6,MINDANAO, PHILIPPINES,2017-02-23 07:50,571000,
2017-02-16,06:27:07,6.95,125.4,25, ,mb,4.4,MINDANAO, PHILIPPINES,2017-02-16 22:09,569191,
2017-02-15,00:35:00,9.7,125.44,9, ,ML,4,MINDANAO, PHILIPPINES,2017-02-15 01:10,568828,
2017-02-11,09:15:00,6.29,125.73,9, ,ML,4.5,MINDANAO, PHILIPPINES,2017-02-11 10:10,567666,
2017-02-11,09:11:04,9.84,125.57,40, ,mb,4.8,MINDANAO, PHILIPPINES,2017-02-11 12:39,567659,
2017-02-10,14:03:42,9.83,125.5,10, ,Mw,6.5,MINDANAO, PHILIPPINES,2017-02-10 14:29,567367,
2017-02-04,19:18:00,9.16,123.11,22, ,ML,4.3,NEGROS- CEBU REG, PHILIPPINES,2017-02-05 01:10,565236,
2017-01-20,03:43:58,8.9,126.73,53, ,mb,4.9,MINDANAO, PHILIPPINES,2017-01-20 07:44,561359,
2017-01-14,06:35:00,9.72,123.91,19, ,ML,4.3,NEGROS- CEBU REG, PHILIPPINES,2017-01-14 07:11,559762,
2017-01-11,06:24:51,13.45,124.25,53, ,mb,4.8,CATANDUANES, PHILIPPINES,2017-01-11 14:07,559015,
2017-01-09,09:20:16,18.12,120.38,40, ,mb,4.9,LUZON, PHILIPPINES,2017-01-11 14:08,558616,
2016-12-27,04:07:48,15.54,120.11,100, ,mb,4.6,LUZON, PHILIPPINES,2016-12-27 10:27,555395,
2016-12-26,01:23:34,19.11,121.16,10,f,mb,5.1,BABUYAN ISL REGION, PHILIPPINES,2016-12-26 10:20,555180,
2016-12-23,16:09:36,9.95,126.32,73, ,mb,5,MINDANAO, PHILIPPINES,2016-12-23 23:22,554696,
2016-12-22,03:02:33,11.55,125.64,88, ,mb,5.1,SAMAR, PHILIPPINES,2016-12-22 06:13,554383,
2016-12-19,20:44:44,10.17,125.85,100, ,mb,5.5,LEYTE, PHILIPPINES,2016-12-19 22:47,553876,
2016-12-15,01:06:26,10.2,126.33,80, ,mb,5.1,PHILIPPINE ISLANDS REGION,2016-12-15 07:52,552670,,
2016-11-13,23:56:43,13.81,120.71,122, ,mb,4.7,MINDORO, PHILIPPINES,2016-11-14 08:01,545264,
2016-11-13,23:47:00,16.89,121.6,8, ,ML,4.2,LUZON, PHILIPPINES,2016-11-14 00:10,545265,
2016-11-10,07:11:03,14.8,121.51,40, ,mb,4.8,LUZON, PHILIPPINES,2016-11-10 07:53,544284,
2016-10-17,21:02:22,10.44,124.15,47, ,mb,4.2,LEYTE, PHILIPPINES,2016-11-01 02:10,537716,
2016-10-14,18:29:04,9.13,125.62,40, ,mb,5.3,MINDANAO, PHILIPPINES,2016-10-15 15:33,537001,
2016-10-12,01:39:26,13.63,120.88,147, ,mb,5.3,MINDORO, PHILIPPINES,2016-10-12 06:47,536553,
2016-10-09,10:39:21,9.06,125.68,80, ,mb,4.8,MINDANAO, PHILIPPINES,2016-10-09 21:15,536055,
2016-10-06,02:25:13,9.29,126.14,80, ,mb,4.7,MINDANAO, PHILIPPINES,2016-10-06 07:01,535391,
2016-10-02,13:40:06,16.45,119.76,30,f,mb,5.7,LUZON, PHILIPPINES,2016-10-02 17:21,534730,
2016-10-01,22:22:45,9.73,125.33,60, ,mb,4.6,MINDANAO, PHILIPPINES,2016-10-02 08:48,534648,
2016-09-23,22:53:09,6.62,126.57,52, ,Mw,6.4,MINDANAO, PHILIPPINES,2016-09-23 23:51,532785,
2016-09-07,15:44:50,6.84,120.92,50,f,mb,4.5,SULU ARCHIPELAGO, PHILIPPINES,2016-09-08 06:56,529204,
2016-09-07,04:54:28,8.28,125.99,60, ,mb,5,MINDANAO, PHILIPPINES,2016-09-07 06:41,529113,
2016-09-04,07:54:36,8.45,126.03,3, ,mb,5,MINDANAO, PHILIPPINES,2016-09-04 08:43,528534,
2016-09-04,02:38:11,8.44,125.92,15,f,Mw,5.7,MINDANAO, PHILIPPINES,2016-09-04 08:55,528478,
2016-09-02,12:02:50,6.38,123.97,10,f,mb,5,MORO GULF, MINDANAO, PHILIPPINES,2016-09-02 14:18,528076
2016-08-15,11:32:04,10.87,122.24,50, ,mb,5.4,PANAY, PHILIPPINES,2016-08-16 01:07,524003,
2016-08-13,14:05:03,11.56,124.44,30,f,Mw,5.2,LEYTE, PHILIPPINES,2016-08-13 19:32,523668,
2016-08-12,10:43:28,10.09,123.09,52, ,mb,4.6,NEGROS- CEBU REG, PHILIPPINES,2016-08-12 14:42,523445,
2016-08-10,04:06:59,5.62,125.83,137, ,Mw,5.3,MINDANAO, PHILIPPINES,2016-08-10 14:58,522935,
2016-08-06,09:08:22,6.22,125.41,83,f,Mw,5.2,MINDANAO, PHILIPPINES,2016-08-06 14:14,522304,
2016-07-27,11:56:16,11.01,124.64,49, ,mb,4.9,LEYTE, PHILIPPINES,2016-07-28 06:47,520527,
2016-07-26,14:29:07,9.76,125.56,10,f,mb,5.2,MINDANAO, PHILIPPINES,2016-07-27 06:35,520353,
2016-07-25,15:05:39,7.56,121.88,40, ,mb,4.7,MINDANAO, PHILIPPINES,2016-07-26 06:46,520105,
2016-07-23,21:23:46,10.19,123.05,10,f,mb,4.5,NEGROS- CEBU REG, PHILIPPINES,2016-08-06 03:55,519823,
2016-07-08,23:16:49,8.54,125.86,55,f,Mw,5.3,MINDANAO, PHILIPPINES,2016-07-09 08:01,517149,
2016-07-06,21:00:50,6.85,126.35,80, ,mb,4.9,MINDANAO, PHILIPPINES,2016-07-07 06:38,516753,
2016-06-25,06:40:29,6.66,126.16,50,f,mb,5.2,MINDANAO, PHILIPPINES,2016-06-25 08:38,514345,
2016-06-10,18:52:10,16.53,121.04,51, ,mb,5.1,LUZON, PHILIPPINES,2016-06-11 12:18,511681,
2016-06-09,19:54:39,16.58,121.07,49, ,Mw,5.3,LUZON, PHILIPPINES,2016-06-10 06:26,511472,
2016-06-02,15:21:30,9.16,125.79,19, ,ML,4.3,MINDANAO, PHILIPPINES,2016-06-02 15:53,510047,
2016-05-31,16:29:48,13.18,120.68,60, ,mb,4.8,MINDORO, PHILIPPINES,2016-06-01 06:57,509634,
2016-05-21,11:14:44,14.98,122.1,10, ,mb,4.8,LUZON, PHILIPPINES,2016-05-21 14:15,507762,
2016-05-17,13:58:19,6.1,126.27,132, ,mb,4.8,MINDANAO, PHILIPPINES,2016-05-17 14:54,507051,
2016-04-28,13:49:02,9.01,126.27,112, ,mb,4.5,MINDANAO, PHILIPPINES,2016-04-28 19:49,503397,
2016-04-13,18:21:52,7.88,122.13,20,f,Mw,5.9,MINDANAO, PHILIPPINES,2016-04-14 07:43,500489,
2016-03-16,22:46:29,15.15,120.09,10,f,mb,4.7,LUZON, PHILIPPINES,2016-03-17 08:59,494802,
2016-03-12,04:00:26,18.13,120.34,10,f,Mw,5.4,LUZON, PHILIPPINES,2016-03-12 08:54,493793,
2016-02-18,17:49:21,12.4,123.72,10,f,mb,4.6,MASBATE REGION, PHILIPPINES,2016-02-19 07:37,489254,
2015-12-17,12:44:02,17.68,120.71,70, ,Mw,5.3,LUZON, PHILIPPINES,2015-12-17 14:22,477152,
2015-11-07,19:40:15,16.51,119.98,60, ,Mw,5.4,LUZON, PHILIPPINES,2015-11-07 23:37,468717,
2015-11-06,17:33:23,7.3,125.72,20, ,mb,4.7,MINDANAO, PHILIPPINES,2015-11-07 08:44,468535,
2015-10-27,02:32:42,6.21,125.54,71, ,mb,4.7,MINDANAO, PHILIPPINES,2015-10-27 07:50,466757,
2015-10-19,13:50:43,13.87,120.72,123, ,Mw,5.8,MINDORO, PHILIPPINES,2015-10-19 14:25,465424,
2015-08-09,04:49:51,13.51,120.57,100, ,mb,4.9,MINDORO, PHILIPPINES,2015-08-09 15:54,454175,
2015-08-01,15:17:42,7.65,125.7,35,f,mb,4.7,MINDANAO, PHILIPPINES,2015-08-01 21:05,453158,
2015-07-26,09:47:47,14.91,120.33,63, ,mb,4.4,LUZON, PHILIPPINES,2015-07-27 23:55,452500,
2015-07-05,13:12:40,17.79,120.77,10,f,mb,4.8,LUZON, PHILIPPINES,2015-07-05 15:20,449489,
2015-07-05,12:56:51,17.98,120.88,40, ,Mw,5.2,LUZON, PHILIPPINES,2015-07-05 15:20,449486,
2015-07-03,06:43:24,10.21,126.04,60, ,Mw,6.1,PHILIPPINE ISLANDS REGION,2015-07-03 07:04,449219,,
2015-06-03,21:18:52,10.69,126.19,145, ,mb,4.6,PHILIPPINE ISLANDS REGION,2015-06-04 08:02,445105,,
2015-03-30,01:47:55,9.58,124.36,30,f,mb,4.9,BOHOL, PHILIPPINES,2015-03-30 06:59,434327,
2015-02-10,16:09:25,14.06,120.72,142, ,mb,5.1,LUZON, PHILIPPINES,2015-02-11 07:34,426693,
2015-02-06,08:03:20,9.62,126.39,80, ,mb,5.2,MINDANAO, PHILIPPINES,2015-02-06 09:07,426070,
2015-02-02,15:13:39,13.94,124.54,7, ,Mw,5.4,CATANDUANES, PHILIPPINES,2015-02-03 07:58,425476,
2015-01-21,05:20:28,5.85,125.49,80, ,Mw,5.4,MINDANAO, PHILIPPINES,2015-01-21 07:39,423443,
2015-01-19,17:19:46,4.71,119.85,10, ,Mw,5.5,SULU ARCHIPELAGO, PHILIPPINES,2015-01-20 07:38,423241,
2015-01-13,15:33:30,12.89,124.76,60, ,mb,4.7,SAMAR, PHILIPPINES,2015-01-14 08:00,422340,
2015-01-10,19:32:03,14.81,120.31,80, ,Mw,5.8,LUZON, PHILIPPINES,2015-01-11 04:23,421924,
2014-12-31,09:26:25,13.83,120.74,129, ,Mw,5.5,MINDORO, PHILIPPINES,2014-01-05 09:16,415661,
2014-12-29,09:29:38,8.7,121.62,10, ,Mw,6.1,MINDANAO, PHILIPPINES,2014-12-29 20:58,415338,
2014-12-16,17:06:44,16.07,120.11,88, ,mb,4.9,LUZON, PHILIPPINES,2014-12-17 07:33,413343,
2014-11-10,01:19:48,10.52,124.72,10,f,mb,4.6,LEYTE, PHILIPPINES,2014-11-10 15:51,407872,
2014-11-04,13:52:36,9.89,124.13,17, ,mb,4.5,BOHOL, PHILIPPINES,2014-11-04 23:05,407037,
2014-10-03,08:05:47,11.35,122.32,30,f,Mw,5.5,PANAY, PHILIPPINES,2014-10-03 13:55,402595,
2014-09-20,04:26:12,6.91,125.31,30, ,mb,5.2,MINDANAO, PHILIPPINES,2014-09-20 18:23,400688,
2014-09-03,13:43:59,15.16,122.59,10, ,Mw,5.1,PHILIPPINE ISLANDS REGION,2014-09-03 14:59,398248,,
2014-07-24,23:57:27,10.44,125.42,20, ,mb,5.3,LEYTE, PHILIPPINES,2014-07-25 06:28,392454,
2014-07-19,22:21:55,9.92,124.19,10,f,mb,4.7,BOHOL, PHILIPPINES,2014-07-20 06:35,391767,
2014-07-14,08:00:01,5.75,126.57,40, ,Mw,6.3,MINDANAO, PHILIPPINES,2014-07-14 09:24,390908,
2014-07-01,09:11:23,13.91,119.29,30, ,mb,5.1,PHILIPPINE ISLANDS REGION,2014-07-01 13:15,388513,,
2014-06-25,11:52:04,13.68,120.72,80, ,Mw,5.4,MINDORO, PHILIPPINES,2014-06-25 13:31,387391,
2014-06-09,21:45:15,10.1,122.37,10, ,Mw,5.4,PANAY, PHILIPPINES,2014-06-11 07:14,384317,
2014-05-15,10:16:43,9.41,122.14,20,f,Mw,6.2,NEGROS, PHILIPPINES,2014-05-15 12:36,378290,
2014-05-09,05:44:28,5.71,125.83,131, ,Mw,5.4,MINDANAO, PHILIPPINES,2014-05-09 10:49,377132,
2014-04-25,06:58:57,9.92,124.17,10,f,mb,4.7,BOHOL, PHILIPPINES,2014-04-25 11:02,374527,
2014-04-21,20:45:23,17.42,120.07,20, ,Mw,5.5,LUZON, PHILIPPINES,2014-04-21 22:02,373829,
2014-04-07,17:18:44,12.91,120.96,53, ,mb,4.8,MINDORO, PHILIPPINES,2014-04-08 07:13,370489,
2014-01-26,17:57:47,13.61,121.96,40, ,mb,5.2,MINDORO, PHILIPPINES,2014-01-26 18:59,355514,
2014-01-12,13:07:51,5.86,125.67,141, ,mb,5,MINDANAO, PHILIPPINES,2014-01-12 15:22,352557,
2013-12-18,14:46:12,16.07,120.87,60,f,mb,4.9,LUZON, PHILIPPINES,2013-12-18 16:00,348638,
2013-12-09,13:31:16,12.93,124.26,115, ,mb,4.8,SAMAR, PHILIPPINES,2013-12-10 09:48,347419,
2013-12-08,01:33:21,9.71,122.57,45,f,mb,5,NEGROS, PHILIPPINES,2013-12-08 07:52,347160,
2013-12-03,23:58:54,6.68,126.21,75, ,Mw,5.6,MINDANAO, PHILIPPINES,2013-12-04 08:29,346638,
2013-11-14,18:14:00,9.92,124.15,57, ,mb,4.7,BOHOL, PHILIPPINES,2013-11-15 07:17,343717,
2013-11-12,05:21:27,9.83,124.36,60, ,mb,4.7,BOHOL, PHILIPPINES,2013-11-12 07:56,343324,
2013-11-01,13:58:45,9.86,124.22,45, ,mb,5,BOHOL, PHILIPPINES,2013-11-01 21:00,341897,
2013-10-31,10:11:56,9.81,124.24,124, ,mb,4.5,BOHOL, PHILIPPINES,2013-10-31 16:21,341725,
2013-10-25,16:59:49,9.83,124.15,10, ,mb,4.6,BOHOL, PHILIPPINES,2013-10-26 07:34,340889,
2013-10-24,06:36:31,9.01,126.3,30, ,Mw,4.9,MINDANAO, PHILIPPINES,2013-10-24 08:39,340579,
2013-10-22,18:42:09,9.99,124.25,70, ,Mw,4.9,BOHOL, PHILIPPINES,2013-10-23 06:56,340359,
2013-10-21,11:43:17,10.13,124.28,20,f,mb,4.5,LEYTE, PHILIPPINES,2013-10-22 06:48,340163,
2013-10-20,23:34:16,9.95,124.19,30,f,mb,5,BOHOL, PHILIPPINES,2013-10-21 06:57,340074,
2013-10-20,23:03:21,9.85,124.08,20,f,Mw,5.2,BOHOL, PHILIPPINES,2013-10-21 06:53,340067,
2013-10-20,08:05:40,9.89,123.8,10, ,mb,5.3,NEGROS- CEBU REG, PHILIPPINES,2013-10-20 11:30,339981,
2013-10-20,01:45:33,9.98,124.19,10,f,mb,4.9,BOHOL, PHILIPPINES,2013-10-20 11:44,339925,
2013-10-19,21:43:32,10.07,124.41,41, ,mb,4.9,LEYTE, PHILIPPINES,2013-10-20 12:04,339901,
2013-10-19,20:40:41,10.19,124.27,10,f,mb,5,LEYTE, PHILIPPINES,2013-10-20 12:08,339892,
2013-10-18,07:24:36,9.94,124.17,43, ,mb,4.6,BOHOL, PHILIPPINES,2013-10-18 12:05,339666,
2013-10-16,23:37:32,9.82,123.91,30, ,mb,5.3,NEGROS- CEBU REG, PHILIPPINES,2013-10-17 07:24,339497,
2013-10-16,17:04:31,10.1,124.27,10, ,mb,4.9,LEYTE, PHILIPPINES,2013-10-17 07:17,339461,
2013-10-16,15:08:28,9.72,123.71,20,f,mb,5.2,NEGROS- CEBU REG, PHILIPPINES,2013-10-17 07:13,339436,
2013-10-16,02:42:23,9.9,124.33,12, ,mb,5,BOHOL, PHILIPPINES,2013-10-16 07:35,339343,
2013-10-16,01:37:00,9.85,123.78,10, ,mb,5.3,NEGROS- CEBU REG, PHILIPPINES,2013-10-16 07:34,339334,
2013-10-15,13:51:19,9.93,123.93,10, ,mb,5.1,NEGROS- CEBU REG, PHILIPPINES,2013-10-16 07:09,339254,
2013-10-15,08:42:51,9.86,123.79,20,f,Mw,5.7,NEGROS- CEBU REG, PHILIPPINES,2013-10-15 10:47,339212,
2013-10-15,02:42:02,10.01,124.11,20, ,mb,5,LEYTE, PHILIPPINES,2013-10-15 06:55,339172,
2013-10-15,02:36:52,10.31,123.87,20,f,mb,4.6,NEGROS- CEBU REG, PHILIPPINES,2013-10-15 03:13,339175,
2013-10-15,00:12:33,9.92,124.1,15,f,Mw,7.1,BOHOL, PHILIPPINES,2013-10-15 11:21,339139,
2013-09-27,08:03:15,14.56,119.1,10,f,mb,5.2,LUZON, PHILIPPINES,2013-09-27 09:35,336133,
2013-09-12,12:32:56,9.15,125.69,50, ,mb,5,MINDANAO, PHILIPPINES,2013-09-12 13:44,333947,
2013-07-15,01:28:56,7.43,125.13,51, ,mb,4.9,MINDANAO, PHILIPPINES,2013-07-15 09:33,326027,
2013-06-22,10:08:04,10.7,126.82,40, ,mb,4.7,PHILIPPINE ISLANDS REGION,2013-06-22 19:35,322946,,
2013-06-19,11:05:40,14.96,122.12,30,f,mb,4.9,LUZON, PHILIPPINES,2013-06-19 13:12,322439,
2013-06-19,08:30:28,9.34,125.69,57, ,M ,4.7,MINDANAO, PHILIPPINES,2013-06-19 09:07,322411,
2013-06-14,17:00:25,17.73,120.74,60, ,mb,4.9,LUZON, PHILIPPINES,2013-06-14 17:38,321668,
2013-06-01,14:10:07,7.32,124.93,10,f,Mw,5.6,MINDANAO, PHILIPPINES,2013-06-03 06:56,319903,
2013-05-01,05:38:03,14.98,123.29,60, ,mb,5.3,LUZON, PHILIPPINES,2013-05-01 08:40,315016,
2013-04-04,02:27:07,15.88,121.74,46, ,mb,5.3,LUZON, PHILIPPINES,2013-04-04 08:17,311131,
2013-02-16,04:37:35,5.96,125.85,94, ,Mw,6.2,MINDANAO, PHILIPPINES,2013-02-16 07:25,304966,
2013-01-19,13:48:06,11.37,125.44,80, ,Mw,5.3,SAMAR, PHILIPPINES,2013-01-19 19:51,301452,
2012-12-19,14:00:23,9.17,124.04,124, ,M ,4.6,BOHOL, PHILIPPINES,2012-12-19 15:21,297634,
2012-12-09,21:45:34,6.74,126.24,60, ,Mw,5.6,MINDANAO, PHILIPPINES,2012-12-10 07:38,296547,
2012-11-26,17:53:01,11.1,122.51,10,f,mb,5,PANAY, PHILIPPINES,2012-11-27 07:21,294466,
2012-11-14,05:21:43,10.01,122.49,40, ,Mw,5.6,PANAY, PHILIPPINES,2012-11-14 08:04,292559,
2012-11-13,18:52:05,10.32,123.19,13, ,M ,4.7,NEGROS- CEBU REG, PHILIPPINES,2012-11-14 09:48,292450,
2012-10-04,01:55:20,13.17,120.64,60, ,mb,5.2,MINDORO, PHILIPPINES,2012-10-04 07:26,287647,
2012-09-20,21:21:05,6,126.47,100, ,mb,5.4,MINDANAO, PHILIPPINES,2012-09-21 06:41,286085,
2012-09-03,06:49:54,6.57,123.87,40, ,Mw,5.8,MORO GULF, MINDANAO, PHILIPPINES,2012-09-03 09:14,283924
2012-08-31,12:47:32,10.86,126.68,20,f,Mw,7.6,PHILIPPINE ISLANDS REGION,2012-08-31 13:35,283513,,
2012-07-12,19:21:55,6.1,126.67,42, ,M ,4.7,MINDANAO, PHILIPPINES,2012-07-13 13:24,277916,
2012-07-12,00:09:30,17.29,120.9,60,f,mb,4.7,LUZON, PHILIPPINES,2012-07-12 07:21,277713,
2012-07-03,21:59:57,10.06,125.59,192, ,mb,4.4,LEYTE, PHILIPPINES,2012-07-04 00:04,276597,
2012-06-16,22:18:48,15.69,119.64,30,f,Mw,5.8,LUZON, PHILIPPINES,2012-06-17 21:27,273858,
2012-06-15,01:14:11,5.72,126.52,80, ,Mw,5.6,MINDANAO, PHILIPPINES,2012-06-15 06:32,273615,
2012-04-05,20:29:03,11.64,125.76,30,f,mb,4.8,SAMAR, PHILIPPINES,2012-04-06 06:29,261127,
2012-04-03,04:25:54,8.4,126.61,80, ,mb,5.1,MINDANAO, PHILIPPINES,2012-04-03 07:30,260882,
2012-03-16,07:58:03,10.11,125.67,23, ,Mw,5.8,LEYTE, PHILIPPINES,2012-03-16 09:46,258914,
2012-03-08,15:30:22,13.81,121.07,10, ,mb,5.4,MINDORO, PHILIPPINES,2012-03-08 18:49,257942,
2012-03-05,23:06:26,12.45,123.68,3, ,mb,5.4,MASBATE REGION, PHILIPPINES,2012-03-06 08:11,257619,
2012-02-24,05:42:33,10.03,125.96,117, ,mb,5,LEYTE, PHILIPPINES,2012-02-24 07:49,256253,
2012-02-07,20:37:47,10.24,123.4,30,f,mb,5.3,NEGROS- CEBU REG, PHILIPPINES,2012-02-08 07:39,254388,
2012-02-06,22:35:13,9.84,123.36,10, ,mb,4.6,NEGROS- CEBU REG, PHILIPPINES,2012-02-06 22:50,254294,
2012-02-06,03:49:17,10.06,123.27,40, ,Mw,6.7,NEGROS- CEBU REG, PHILIPPINES,2012-02-06 09:41,254200,
2012-02-04,13:09:23,12.04,125.81,10,f,Mw,5.7,SAMAR, PHILIPPINES,2012-02-04 22:58,253950,
2012-01-17,12:55:36,11.19,125.92,30, ,Mw,5.7,SAMAR, PHILIPPINES,2012-01-17 14:31,251329,
2011-12-06,19:31:46,11.5,124.48,30, ,mb,4.8,LEYTE, PHILIPPINES,2011-12-07 09:08,247150,
2011-11-07,09:43:17,7.87,125.13,60, ,mb,5,MINDANAO, PHILIPPINES,2011-11-07 12:00,243420,
2011-10-06,23:47:03,8.75,126.2,33, ,mb,4.8,MINDANAO, PHILIPPINES,2011-10-07 07:09,238277,
2011-07-25,17:15:44,14.99,120.15,60, ,Mw,6,LUZON, PHILIPPINES,2011-07-25 18:11,230179,
2011-07-11,20:47:04,9.6,122.26,20, ,Mw,6.4,NEGROS, PHILIPPINES,2011-07-12 06:47,228735,
2011-05-22,16:42:24,13.66,120.82,143, ,mb,5.7,MINDORO, PHILIPPINES,2011-05-22 17:26,222589,
2010-11-05,14:04:35,12.89,122.98,60,,mb,4.8,SIBUYAN SEA, PHILIPPINES,2010-11-05 15:51,197375,
2010-11-03,22:24:50,12.78,123.08,45,,mb,5.1,MASBATE REGION, PHILIPPINES ,2010-11-04 06:58,196925,
2010-07-19,21:46:26,11.36,125.78,80,,mb,4.8,SAMAR, PHILIPPINES,2010-07-20 06:30,179173,
2010-05-13,02:11:13,9.16,125.59,60,,mb,4.8,MINDANAO, PHILIPPINES ,2010-05-13 09:23,168271,
2008-05-16,12:57:43,6.22,125.7,101, ,M ,4.8,MINDANAO, PHILIPPINES                   ,2008-05-16 14:33,86487,
2008-03-20,14:10:43,6.24,126.97,70, ,Mw,6,MINDANAO, PHILIPPINES                   ,2008-03-20 15:23,81436,
2008-03-13,11:03:22,6.85,125.51,50, ,mb,4.8,MINDANAO, PHILIPPINES                   ,2008-03-13 11:58,80872,
